date,susceptible,active,recovered,deaths,confirmed,beta,gamma,mu,r0,re,cfr_recovered,cfr_confirmed
2020-03-08,52999997,2,0,0,2.9757522256157714,0.4,0.035,0.005,10.0,10.0,50.754931828859995,-0.21470392459695592
2020-03-09,52999997,2,0,0,2.9848992336715385,-0.08731332016023685,0.00578320186828404,0.005710136812636555,-7.5968630686208245,-7.596863068004253,51.74335052350758,-0.3773384647712666
2020-03-10,52999997,2,0,0,2.984096559148392,-0.08768376399409074,0.004552634371273864,0.005809778260147655,-8.461713223830795,-8.46171322343847,53.57487363085289,-0.4126200388838653
2020-03-11,52999997,2,0,0,2.9411875433757215,-0.07085574728560788,0.010545247643432412,0.015789570277134905,-2.6905728947634007,-2.6905728979106267,49.13023545200829,-1.162765441197758
2020-03-12,52999997,2,0,0,2.893685634005159,-0.014074569302824164,0.030673260484502904,0.03993942984742189,-0.1993206778649091,-0.19932067830077227,41.27791766744765,-1.409023041400651
2020-03-13,52999997,2,0,0,2.9092024533380423,0.13500060257727955,0.05921020531727997,0.05035473528451271,1.2321514695830604,1.2321514705882504,-89.5744743163253,0.5788165239274649
2020-03-14,52999996,3,0,0,3.323475681590692,0.42935579556786657,0.052377210517822986,-0.05667238153802347,-99.96244469628267,-99.96244378943148,63.930666399101455,3.6726356202785735
2020-03-15,52999994,4,0,0,5.128281427696601,0.461961379132996,0.3254942934913547,-0.004755109433062676,1.440302283269006,1.440302225339671,-15.459277979548917,-0.5338274028983682
2020-03-16,52999992,5,1,0,7.787546674721772,0.414792817048866,0.19990170318101647,0.04150519534807686,1.7182310015837303,1.7182308476881152,-3.965165868110456,-0.9221346236334894
2020-03-17,52999989,7,3,0,10.120983977639503,0.46905464707340727,-0.006927121849239132,0.10134356004560997,4.967934144029559,4.967933460350445,4.499101533540777,1.3852206643463512
2020-03-18,52999986,9,2,0,12.908363951076094,0.3114049908147004,0.003236282596037126,0.012415804899033892,19.89542870321704,19.89542463409662,23.231023688046733,6.523598748366279
2020-03-19,52999983,12,2,0,15.97847826991956,0.23920727737496766,0.0041082803209360405,0.006032353817210111,23.588986064997517,23.58897983308985,24.91133641554123,5.8499846876908395
2020-03-20,52999979,16,3,1,20.079025381288325,0.2857386927028467,-0.005710279878874873,0.05400006831585832,5.917165967204974,5.917164050919466,25.78638457099042,5.237541329244413
2020-03-21,52999975,19,2,1,23.89687621073127,0.11423199798148986,0.004469522304368876,0.006563406199170965,10.353733185603378,10.35372891420789,39.60222338190393,7.8015347616671065
2020-03-22,52999972,22,3,2,27.064987404700624,0.26489602996829903,-0.0009801663201528723,0.04293693432925254,6.313547075667217,6.313544200084537,40.30072311092092,7.539559951826002
2020-03-23,52999966,27,3,2,32.016974020970906,0.2152389836597234,0.07190275710199785,0.035772207317205124,1.9989696288335828,1.9989684955529852,49.90295182227354,9.085731493278166
2020-03-24,52999961,29,4,3,37.92326308220886,0.007276881131706686,0.07016020179350267,0.03554649716097156,0.06884030249436408,0.06884025583222231,44.46128982666565,10.210179317033134
2020-03-25,52999960,27,7,5,39.07653513997831,0.17802920350814017,0.14471061188869766,-0.0011265464812934417,1.2398952697362455,1.2398944244639254,41.62209330776391,12.84996840632538
2020-03-26,52999956,27,10,5,43.9709107365461,0.14195859013925846,0.0015921197904415763,-0.0006201529773805322,146.05291891827463,146.0528059268438,31.308110023112683,11.373248877088379
2020-03-27,52999952,31,11,4,46.997782943997485,-0.0010743541398096912,0.12377188048504796,0.0006111539628865206,-0.008637465266691216,-0.008637457930444905,31.17182851809323,10.393316159243279
2020-03-28,52999952,27,14,5,47.97552595546737,0.0006780807033359981,0.0017514270238874752,-1.0979512292099629e-05,0.38960135184682343,0.3896010209923666,25.03841491796737,10.425951938753116
2020-03-29,52999951,28,15,5,48.014060687009206,0.03469700693569591,0.1431832088316718,-0.00015775089437258317,0.2425932238644305,0.2425930176821242,24.9851520961103,10.414589525401624
2020-03-30,52999950,25,19,4,48.026468147719996,0.07742864322176513,0.23754349548315973,0.0011215175876321125,0.3244239372395926,0.32442365534160567,20.798158257200356,10.190495828274361
2020-03-31,52999948,21,24,5,50.98143532365843,0.1376254287622416,0.0008698811765812942,0.04490150142307447,3.0068007769395337,3.006798051919841,16.73905137505033,9.84474440357262
2020-04-01,52999946,22,24,5,52.96764784658676,0.08927147040593611,0.001040058337512658,0.0017332249429979421,32.189813075821085,32.18978211816052,19.29150360954408,11.073293810587346
2020-04-02,52999943,25,25,6,56.010351069176714,0.19765018167866566,0.040066790271533474,3.948303738799796e-05,4.928161241914721,4.92815630967279,19.360095649074974,10.716942189991306
2020-04-03,52999939,28,26,6,60.99163264084406,0.31013848944280875,0.13810550710180516,0.06901897153383453,1.4973531447646262,1.4973515055052042,18.75002765199454,9.838340342320016
2020-04-04,52999929,32,30,8,70.01645350432884,0.5625165030790511,0.09373889370262897,0.03186346970334108,4.4785503061028695,4.478544640520366,21.04990795527196,11.426493137241273
2020-04-05,52999911,46,33,9,88.03788640814153,0.7571335493016317,-0.0007219174280793661,0.06425036634651363,11.918023534208022,11.918004400403863,21.461048156229637,10.243664313659867
2020-04-06,52999877,77,32,11,121.97080671611957,0.5260285789021975,0.00015361087038735338,0.06427802073034881,8.164135624592614,8.164117141642324,26.651388858076864,9.748377786454165
2020-04-07,52999836,113,32,16,162.99321925539405,0.47399914705297536,0.00011649133184301648,0.02644158202837843,17.847648081390158,17.847593857921638,33.99756080620499,10.364652983322147
2020-04-08,52999781,165,33,20,218.02074871241476,0.6783840394963446,-0.00010050670475916722,0.005964243503456687,115.69142046877519,115.69095102371719,37.739599564567115,9.176996377561846
2020-04-09,52999670,275,32,20,328.9903285530059,0.3406086210348744,1.365904797605542e-05,0.021749740108584967,15.65052492878581,15.650428362986215,38.88759826818216,6.362690324980528
2020-04-10,52999576,363,32,26,422.99663531863445,0.15937170570774864,0.008252901982264759,0.008254214239159627,9.654727304876063,9.654650608868925,44.9995361514562,6.367626984649105
2020-04-11,52999517,416,36,30,482.0037688966916,0.3341115722580032,0.007205499435648556,0.00960911444895447,19.870308920024968,19.870129323813785,45.45485354232409,6.224382993141926
2020-04-12,52999379,547,38,33,619.9995085445859,0.3321171463554841,0.005474625041250972,0.0091244270046602,22.749226820415494,22.748961543020105,46.57530279234464,5.475001235032147
2020-04-13,52999197,721,41,38,801.9998720123875,0.28947455681859235,-1.6694675660997027e-07,0.00969489121065924,29.85897782533361,29.858527106592135,48.14818330904783,4.856784431273742
2020-04-14,52998988,923,41,45,1010.9994452737646,0.23701896758518032,0.007576552797852542,0.0043299817816867,19.906629086895276,19.906250098545314,52.272694754709114,4.5454291433681036
2020-04-15,52998768,1132,49,50,1231.00093754963,0.3012401427081011,-7.627880040149762e-07,0.008833082512218909,34.10657133280786,34.105781069330625,50.505074710659784,4.061771715498527
2020-04-16,52998428,1462,48,59,1570.9993298532304,0.18182408111685783,0.0061520659343357025,0.010253240875652408,11.0832478308883,11.082919718712974,55.04589249870695,3.816776170001754
2020-04-17,52998161,1705,58,75,1838.0002061569658,0.1794775820716199,0.004691963351104453,0.005278474159065776,18.000973566961918,18.000350315168827,56.39096760148957,4.08052686539671
2020-04-18,52997856,1993,65,83,2142.9997985656028,0.15647588964262626,0.004513680867024746,0.0035106732467266996,19.500122679590046,19.49933493701683,56.00000701044365,3.917906581072351
2020-04-19,52997543,2290,75,91,2456.0003033811286,0.21485653199195287,0.004366694163488924,0.004366695931680133,24.601733078521526,24.600594421558466,54.81926866269707,3.7052169634493612
2020-04-20,52997052,2761,84,100,2946.999856868612,0.15714117595413182,0.0007241394200527347,0.0032585334461878845,39.456209744503255,39.45401729650112,54.30107939258906,3.426049467933895
2020-04-21,52996618,3184,86,109,3380.9999783537046,0.12245669914259291,0.001569865747944134,0.0031397224691557327,26.00157243004165,25.99991469204867,55.837564157454004,3.252513081806738
2020-04-22,52996227,3559,92,119,3771.0000016913064,0.11630036085015466,0.004494392118733351,0.001966304723020687,18.001210039531873,17.999929905273312,56.603772399759755,3.1813361303322494
2020-04-23,52995813,3951,108,127,4186.000080220616,0.12731944247113408,0.001012375186068525,0.0010123750619573423,62.881554204164495,62.87659127040819,54.04255237162685,3.033923438306364
2020-04-24,52995311,4445,111,130,4687.99989160656,0.06950683081390398,0.00022494215524588505,0.002024311222695989,30.902179138885884,30.899446901886403,53.90946704486357,2.7937716790246907
2020-04-25,52995001,4745,113,140,4998.0000445583855,0.08810097526554614,0.001896728158333479,0.0010537363679183776,29.860035422105494,29.857221237168886,55.33596701127396,2.801120821622264
2020-04-26,52994583,5149,122,145,5416.000001438837,0.09653341711325408,0.0017479111399260592,0.0013594858658150953,31.065685181166483,31.062512360133915,54.30711626597499,2.6772526104193664
2020-04-27,52994087,5629,130,151,5911.99999279055,0.09752417551385978,0.0014209617955285533,0.0005328625138208038,49.91450615451514,49.90894018704585,53.71024736286399,2.570607071464857
2020-04-28,52993537,6168,139,155,6462.000020818845,0.10393610796653129,0.0017833942913707932,0.0012970129041295006,33.74102882188952,33.736916852989815,52.72108830725153,2.3986383436706444
2020-04-29,52992897,6789,149,162,7101.999981156303,0.08307444496336361,0.0014727563253667919,0.0007363791477021828,37.604957222453606,37.59991955525052,52.076677453405054,2.294804890654941
2020-04-30,52992332,7339,160,168,7667.000006727554,0.07781474494709412,0.0019076119305718345,0.0002725156915796592,35.6927475971803,35.68758627026945,51.219512040765196,2.191209111676634
2020-05-01,52991762,7893,173,169,8236.999963248563,0.06993739648454667,0.00038004932623751154,0.0006333936060685052,69.00970370912661,68.9989811232333,49.41860858223464,2.0636076298492014
2020-05-02,52991209,8438,177,175,8790.000065120184,0.07882318547835426,0.10500116958315729,0.00023702256604685656,0.7489979053098962,0.748873726669326,49.715900734432786,1.9908987648374277
2020-05-03,52990545,8214,1062,176,9453.999951113121,0.08376417873948977,0.017772376987007843,0.0006086430870468407,4.557101749631688,4.5562890351509555,14.274194045102618,1.8720253885237637
2020-05-04,52989856,8752,1209,182,10143.000022991362,0.08982521496279658,0.022166357169975552,0.00011425925925601674,4.031540834972066,4.030769515162293,13.084112115421076,1.794340944492807
2020-05-05,52989071,9343,1402,183,10928.999982878153,0.08457271285737489,4.7577486880778785e-09,0.0003210954746793426,263.38415334635573,263.32985629952526,11.53846170554917,1.6744441482154997
2020-05-06,52988280,10129,1403,185,11718.00001605795,0.06970937918680428,0.050049354423823286,0.001283317616332878,1.3579924133361403,1.357692219343513,11.705474805809725,1.5871661098697543
2020-05-07,52987575,10316,1909,199,12424.999989776235,0.06874429560831491,0.018514929954464736,0.0006785565890091827,3.5816471099509033,3.5808076508462365,9.43575172132992,1.6016096817431078
2020-05-08,52986866,10826,2101,205,13132.999993928464,0.05875658831284209,0.028909208690861665,0.0007388948761220149,1.981799212893799,1.9813082116185858,8.929345206660496,1.5684482534024957
2020-05-09,52986229,11142,2414,214,13770.000007254119,0.07962936745746474,0.021181116555135507,0.0012565064996292,3.5489217045454895,3.547999853289497,8.14307476120494,1.554103159970027
2020-05-10,52985342,11779,2650,228,14657.000005417969,0.08780761635596082,0.02139400548317961,0.0009338646293282569,3.932646325579071,3.9315589836367564,7.922168225353578,1.555570729415697
2020-05-11,52984309,12549,2901,238,15689.999989902595,0.07723401738102877,0.0195219134809829,0.0008764950059079224,3.7862766318589873,3.7851558917265535,7.609041570843894,1.5231661157240288
2020-05-12,52983339,13263,3147,250,16660.000012913264,0.08763969335303107,0.016135111027945608,0.001432555807171903,4.988692817070084,4.987124952659304,7.359434932356513,1.5006002720023228
2020-05-13,52982178,14191,3360,268,17820.999982249556,0.07337585613381513,2.3449149393062196e-09,0.0009864720357747859,74.38191763531867,74.35690982888977,7.41046822301016,1.5093704159844992
2020-05-14,52981136,15219,3361,283,18863.00002051377,0.0790083328966456,0.03423352171534546,0.0009856092311318768,2.243335675054416,2.242537384828815,7.7661910889820716,1.500291599839216
2020-05-15,52979935,15884,3881,297,20063.999980280056,0.0585679696091228,0.014793832058912295,0.0010072402836297143,3.7065819546586947,3.70517890626718,7.1291864784673376,1.4851731563415715
2020-05-16,52979004,16564,4117,314,20995.000007629442,0.07688386956020736,0.015455203906233976,0.0008452065504706741,4.716683040860707,4.714814875569573,7.0864365225370385,1.4955942019047122
2020-05-17,52977731,17567,4373,328,22268.000007129092,0.09123204107125389,0.012068081731354971,0.0011954224870002169,6.878426663822301,6.875537071577617,6.977238967405422,1.4729657094005761
2020-05-18,52976130,18935,4584,348,23868.999989351312,0.06609440475022796,0.02154626142309772,0.0011089993780218877,2.9173976556898262,2.9160838892173913,7.073368345202485,1.462086274305806
2020-05-19,52974878,19758,4993,370,25121.000004219448,0.08187907315126008,0.010831055804812617,0.0008097983698960587,7.033768478017138,7.030434998357147,6.899123684668933,1.4728713163420546
2020-05-20,52973261,21145,5207,386,26738.000001667,0.08389192976974254,0.01868053908199955,0.0010404349740534473,4.253944532927035,4.251798696252745,6.901484002097461,1.4436382688336609
2020-05-21,52971489,22500,5602,407,28509.999998529744,0.07532606225296472,0.02613217190804028,0.0010666194651430948,2.7694635845926734,2.767973925024861,6.788685498776459,1.4310266157824516
2020-05-22,52969794,23583,6190,432,30205.000002654502,0.07946690353674772,0.01255141406860936,0.000848068231455693,5.930595060106309,5.927215512489627,6.523708883578604,1.4302267914606712
2020-05-23,52967922,25139,6485,451,32076.999993702506,0.060975647917069026,0.016507558061680062,0.0011137633173473735,3.4603334565840838,3.458239299833694,6.514845731957809,1.409065392570482
2020-05-24,52966389,26229,6901,480,33610.000010549746,0.07534611197006601,0.016508444307118123,0.0008006400662539756,4.3529808015712685,4.350220598413463,6.503183907781058,1.4281463989314176
2020-05-25,52964415,27749,7333,500,35583.99998852273,0.04204624826846862,0.00882882919707051,0.0007567570495951476,4.386403417223895,4.383458565348632,6.394384118108138,1.407896572065848
2020-05-26,52963248,28650,7579,522,36751.00000318943,0.05382440679331251,0.012076788785458427,0.0007678882670527524,4.1904056110768195,4.187500155183118,6.443648947858681,1.4203695175837725
2020-05-27,52961707,29823,7925,544,38292.00000064589,0.0680839275564679,0.01676558374450225,0.0005029675863844006,3.942654265079696,3.9398059552994504,6.42342661618128,1.4206622797218595
2020-05-28,52959678,31337,8425,559,40321.000005724294,0.08057315105781587,0.018827583725790315,0.0007339564109749293,4.118957428427703,4.115824065011234,6.222172775725118,1.3863743518342986
2020-05-29,52957156,33246,9014,581,42842.999990576645,0.05310034421283811,0.010828045000011811,0.0008421815190383165,4.550069711685433,4.546391793068169,6.064395085747836,1.3584165717632306
2020-05-30,52955391,34623,9375,610,44608.00000605213,0.07356796879806833,0.011726308990824929,0.0011553012120673525,5.711084844156383,5.706278370030156,6.109163773820801,1.3674677256496308
2020-05-31,52952847,36721,9780,649,47151.999997390434,0.06489625286973437,0.022221012033711053,0.0005990960249537215,2.843818824297518,2.8412888968984333,6.231425540786497,1.3784912901828883
2020-06-01,52950465,38265,10597,672,49534.00000248814,0.07614590777315194,0.013667842652831743,0.0009669409965334377,5.20307710708487,5.198214582820984,5.963262059989828,1.3566439246396467
2020-06-02,52947555,40615,11119,708,52443.999998881125,0.06641888426192673,0.011571794346866103,0.0009109710437138431,5.320846958483205,5.315582127638636,5.993744183876947,1.3518924577480962
2020-06-03,52944860,42803,11589,745,55138.999998528874,0.05666581277283575,0.013339874842975512,0.0008176806421333146,4.002513910854023,3.998350010015767,6.047341109868177,1.3529198390603907
2020-06-04,52942436,44621,12161,781,57563.00000223066,0.06344713910552831,0.014410255242186908,0.0006723291331960271,4.206649041465577,4.202080459178275,6.034615985662983,1.3567743184899779
2020-06-05,52939609,46775,12803,810,60389.99999850361,0.05639656796703363,0.011138190551154684,0.00074824699069849,4.744614840944265,4.739208841654595,5.956665438757828,1.3429153341182747
2020-06-06,52936973,48855,13325,846,63026.00000055841,0.056212582954481206,0.011830928261090317,0.0008596868152015083,4.429460874555689,4.424193741272957,5.96993860853184,1.3423031768439202
2020-06-07,52934231,50977,13902,887,65767.99999918426,0.053717253097589686,0.012887912471650763,0.0008238848348832489,3.9175938716649554,3.9127326525524455,6.003650866437839,1.3501801754975975
2020-06-08,52931495,53014,14560,930,68504.00000124275,0.05989180016905073,0.014656505844403006,0.0008488323679220493,3.8626568056053925,3.8576644284929693,6.003873469473089,1.35758495923119
2020-06-09,52928325,55362,15336,974,71673.99999927069,0.057697737627727175,0.010169246608634889,0.0006683163840354482,5.323866414132893,5.316666936056656,5.977194702625108,1.3603069408584165
2020-06-10,52925135,57952,15900,1011,74864.00000014676,0.05507062863227444,0.014615291726507645,0.000638448415509102,3.6103033170586953,3.605203795311097,5.983916744319084,1.3517665128015455
2020-06-11,52921947,60256,16747,1049,78052.00000078329,0.057689179579829275,0.008331120655383661,0.0007634094272847479,6.343283166413234,6.33394189981223,5.894583055484831,1.3439758117418976
2020-06-12,52918477,63178,17248,1094,81521.99999850355,0.04527453386742992,0.00916443764389178,0.0006964339644241805,4.591331848317402,4.584269857112962,5.969254248560442,1.3431792246339342
2020-06-13,52915620,65412,17828,1139,84379.00000142455,0.048095282392532426,0.013789518587121375,0.0004892068626849715,3.368317610812015,3.362955246928858,6.005166870353665,1.3498619328976855
2020-06-14,52912480,67618,18729,1170,87518.99999104589,0.04590612023964581,1.478923041153303e-05,0.0005619722379565068,79.59290409870525,79.46147513615979,5.88412642639754,1.337979889994225
2020-06-15,52909380,70678,18731,1208,90618.00001687877,0.05473499162065783,0.24806519569970018,0.0007498691403425674,0.21998262708025998,0.2196065147483243,6.0631895634364295,1.334157295654036
2020-06-16,52905519,56954,36263,1262,94480.9999858456,0.07049701821514201,0.033798613302317676,0.000754981984898352,2.0402223742321874,2.0365854647468487,3.3630016555905287,1.3357182936672551
2020-06-17,52901510,58994,38189,1304,98488.00000291906,0.06458310319348042,0.033477413226747424,0.0006441223788134527,1.8927373005731647,1.8892201648336433,3.304299386465131,1.3250210680897425
2020-06-18,52897707,60784,40164,1342,102291.00000069787,0.05345514860274417,0.04575141891549626,0.0007403142340154841,1.1497774976647768,1.1475584479995327,3.235598813566563,1.3129081448850208
2020-06-19,52894465,61202,42944,1388,105534.99999848669,0.053045071241635974,0.01712362354528424,0.0006045554102359988,2.9921331104974374,2.9861752633138092,3.1308506081452627,1.3152034870725173
2020-06-20,52891224,63357,43993,1425,108775.00000066726,0.0558464223814844,0.01710939617436659,0.0006155594403115213,3.150722833699947,3.144256597100781,3.1375225686145587,1.3100436683267809
2020-06-21,52887693,65764,45077,1463,112305.0000005745,0.05302804987244387,0.025515091542886524,0.000577814952522235,2.032278384999944,2.02797213906611,3.145613544781481,1.3035812867418235
2020-06-22,52884214,67528,46754,1501,115784.99999875121,0.05063706416458193,0.013031438482670245,0.000636763466351255,3.7047348549168175,3.6966415444793674,3.1125018132333127,1.2972207347957438
2020-06-23,52880801,70017,47635,1544,119197.00000061517,0.049555880515799455,0.029006826793436614,0.000528435554809094,1.677854759896619,1.674081326676005,3.1415209430588087,1.2961626871339806
2020-06-24,52877339,71412,49666,1582,122660.00000040552,0.055384998892543696,0.025611941942956143,0.0005461266968871643,2.117319885313806,2.112419806359774,3.086949735260622,1.2897440080947307
2020-06-25,52873393,73489,51495,1620,126605.00000006445,0.05275904185065636,0.022288746725456027,0.0005442917334697309,2.3106448117084524,2.3051252899679695,3.051811130324629,1.2803500623859778
2020-06-26,52869526,75679,53132,1660,130472.99999912476,0.046414473493567705,0.01565803398980575,0.0004492600556309982,2.88158106275567,2.8744874236586475,3.0313537973737654,1.27305056924879
2020-06-27,52866021,77965,54318,1695,133978.0000002991,0.048979068984955104,0.018072211929041244,0.0005515295334208611,2.6299263809947644,2.6232783718028387,3.026083230947862,1.265133081665818
2020-06-28,52862212,80322,55727,1738,137787.00000062145,0.05010411347435846,0.02555962259765294,0.0005602450111540002,1.918237650540949,1.9132508103523858,3.024449665213666,1.2613671827703172
2020-06-29,52858199,82237,57779,1782,141799.99999918437,0.044892599202734466,0.022422724208776848,0.0007782290512456077,1.9349463230930632,1.9297695005770998,2.9934690996564166,1.257395927967702
2020-06-30,52854517,84012,59623,1847,145482.9999998125,0.045057739040736275,0.02956720484357253,0.0004880255256769641,1.4991646541107981,1.4950495874691363,3.004668868263586,1.2695641415195777
2020-07-01,52850741,85262,62108,1888,149258.00000211227,0.04727018198293666,0.05083155455488199,0.0004456850536447744,0.9218550441446972,0.919258977907813,2.9501843869353617,1.2649238233750904
2020-07-02,52846723,84908,66441,1925,153275.99999741482,0.03678092854346661,0.01891436719086497,0.0004946472240618264,1.8950435996986885,1.8895632037175552,2.817107418158465,1.25654860129934
2020-07-03,52843608,86375,68048,1968,156391.00000167408,0.03817922856837479,0.030946454446607936,0.0003357452896928556,1.220477744219198,1.2168764589072392,2.8107861064140796,1.2583844340710868
2020-07-04,52840321,86960,70720,1996,159677.99999837647,0.031580524748266274,0.021894872514294943,0.000632467437791931,1.40187544625484,1.3976519383449446,2.746225143290149,1.2506340844312656
2020-07-05,52837582,87740,72625,2052,162417.00000174096,0.03659493429599065,0.04016412125365938,0.00050148164695419,0.8998989732287603,0.8971413085573249,2.7478340054273356,1.2634145442006384
2020-07-06,52834382,87372,76148,2095,165616.9999984905,0.03475316910872327,0.02235244321784859,0.0006294850846097355,1.5121955238632347,1.5074701970326414,2.67876541608522,1.2655629217828988
2020-07-07,52831354,88392,78102,2151,168645.00000071383,0.039597897758633295,0.03095302736972879,0.0005204090856547619,1.258137090138438,1.2541337919201037,2.6802736348847223,1.2754602865255456
2020-07-08,52827865,89099,80838,2196,172133.0000007209,0.03783373805069079,0.04159418204224428,0.00046016229629634755,0.8996392321831571,0.8967174239397365,2.64587222251809,1.2763312303073824
2020-07-09,52824506,88711,84543,2237,175492.99999911815,0.03335284061138087,0.02098926876027637,0.0004170799929091891,1.5580817165943588,1.5529226716593039,2.578875803699712,1.275257273728093
2020-07-10,52821557,89761,86405,2274,178441.99999904988,0.030024664237564513,0.018136850896119237,0.0003342171564606751,1.6254969204864615,1.6200242084766816,2.5653747702086034,1.27491692022527
2020-07-11,52818870,90789,88034,2304,181128.00000143377,0.029465165396174647,0.06146051320098022,0.0005176781633107365,0.4754118303160287,0.4737871234752471,2.5515004592252355,1.2725736905072935
2020-07-12,52816205,87829,93613,2352,183794.99999951496,0.035407259470689394,0.05354723376568278,0.0004440446768218326,0.6557959080075244,0.6535217557743233,2.450868015946968,1.2796866074572342
2020-07-13,52813105,86185,98317,2390,186893.0000006592,0.03682956791064441,0.05696980946383226,0.000382892825758812,0.6421592434246747,0.6398948319236928,2.374190729480003,1.2793348100275004
2020-07-14,52809942,84406,103226,2424,190056.99999995032,0.042007853345843185,0.027201857658238366,0.000390967459887495,1.5224194393291037,1.5169601569337317,2.2943464807755642,1.275406851838567
2020-07-15,52806410,85609,105522,2456,193588.9999989157,0.0320408746610617,0.016820464909326746,0.0004555542716774906,1.8546445408148244,1.8478702927085953,2.275421373901467,1.2691771266772682
2020-07-16,52803676,86864,106963,2496,196323.00000099555,0.03505802590623355,0.020284582979222778,0.0005871246955029104,1.6796913052153655,1.6734694737633937,2.2803058682287043,1.2713742150997802
2020-07-17,52800643,88084,108724,2546,199355.99999954842,0.0308705027347491,0.015587216805480012,0.00038599080676079685,1.932642677923499,1.9253732415238205,2.2889855488325357,1.2776075080853444
2020-07-18,52797934,89386,110097,2580,202064.9999996685,0.027614876719205025,0.017273205373825765,0.00041393044523499966,1.5612972615637128,1.555344799789194,2.2905776585112543,1.277305434775224
2020-07-19,52795474,90265,111642,2618,204525.00000049564,0.032563483301689615,0.021204232021343902,0.000553924558267283,1.4966103944763283,1.490835114965385,2.291265534897164,1.280039115108764
2020-07-20,52792546,91229,113556,2668,207453.00000006988,0.033640758617634485,0.02017998678082931,0.00044941850048256624,1.6307187802505174,1.6243358994985533,2.2955671806669424,1.2860744361653438
2020-07-21,52789490,92403,115396,2708,210508.99999962875,0.0298141023810779,0.01953378659135887,0.0004545257895780958,1.4915767681073406,1.485652477277314,2.2937022673283836,1.286874732720178
2020-07-22,52786745,93301,117202,2751,213254.00000042876,0.030734268856727854,0.021500305889309457,0.0005358999302586623,1.3947169085449307,1.3891051192083446,2.2933982477669734,1.290010972899109
2020-07-23,52783890,94100,119207,2800,216108.99999981615,0.027188150390590214,0.01878832344016658,0.0003719407866142803,1.418986192924654,1.4132002889656299,2.295732281950323,1.2960992086827672
2020-07-24,52781342,94846,120975,2836,218657.99999982383,0.026679455536344498,0.01174535571262827,0.0004006494710469908,2.196562172738309,2.187500108661814,2.2905695732941966,1.297002625142579
2020-07-25,52778822,96213,122090,2873,221176.9999999017,0.02374429671395235,0.018625148191002895,0.0005612488917899276,1.2375589127803075,1.2323944383318726,2.299862360214035,1.2994059082818061
2020-07-26,52776546,96643,123882,2928,223453.00000025754,0.028804326464857002,0.018635597261885663,0.0003828523514395998,1.5145465088108587,1.508161122344157,2.308966169972106,1.3103426672016338
2020-07-27,52773775,97576,125682,2964,226223.99999972712,0.030465054479639087,0.01773983651660995,0.00035869108663175706,1.683289113208433,1.6761042622150386,2.3047385112893433,1.3106420598965418
2020-07-28,52770814,98771,127414,3000,229185.00000051205,0.03059671571670907,0.029138107545246594,0.0003543550223664875,1.0374418767698501,1.032955781500169,2.300366525095677,1.3089861902142301
2020-07-29,52767806,98866,130291,3034,232192.99999968807,0.02737878975748157,0.02698574860722415,0.00048550072431002367,0.9966343149182345,0.9922680967729555,2.276358126935677,1.3070966518937241
2020-07-30,52765110,98846,132960,3083,234889.0000004512,0.028168462363375432,0.02201404214323697,0.00028326892017006415,1.2633120775537714,1.257713315743196,2.266195247209872,1.3125348569594502
2020-07-31,52762338,99414,135135,3111,237660.99999999753,0.022219255733731038,0.01123584191331858,0.00021123785188494087,1.9410414000322112,1.9323375490447616,2.250320079337065,1.3090073676707499
2020-08-01,52760140,100474,136252,3131,239858.99999897124,0.008858203524965396,0.00583229684981275,0.00021895994858421757,1.4638617761705326,1.4572369165753525,2.2470136668845475,1.3057616941479409
2020-08-02,52759253,100753,136839,3154,240746.0000003453,0.013520069690208098,0.010580330205729684,0.0002977578815950305,1.2428718706517787,1.23722634692383,2.252969791455994,1.3100944564620456
2020-08-03,52757897,101012,137905,3183,242101.00000017424,0.019074788218774445,0.019353944820188162,0.000494985792522139,0.9609982820212928,0.9566085317280317,2.2567315665839627,1.315148160684209
2020-08-04,52755979,100926,139859,3234,244020.00000007043,0.026418127565694,0.01872659179893204,0.00032697223610077947,1.3865189482198887,1.3801352830198306,2.26005283247007,1.3253012048577606
2020-08-05,52753325,101657,141750,3267,246674.00000021444,0.029421686924501797,0.02040193994328325,0.0003836430339813802,1.4154852888506124,1.4088973787639134,2.2528393223182683,1.3244200848275989
2020-08-06,52750349,102520,143824,3305,249649.99999998944,0.027940547861659348,0.017167214555514503,0.0002633606844271404,1.60296189179313,1.5954113955314262,2.2469924556333147,1.324248651106302
2020-08-07,52747498,103584,145583,3332,252500.99999961624,0.025327015093522087,0.00984698577199216,0.0003089250451142813,2.4938201555356017,2.48193926483562,2.2381595116602475,1.3199895446278138
2020-08-08,52744887,105143,146604,3364,255112.00000003033,0.023767680058677885,0.016796013202648296,0.0003233660599742064,1.3883494076546872,1.3816667306783532,2.243797051327636,1.3190233347211162
2020-08-09,52742399,105831,148370,3399,257600.0000003373,0.027602480589608003,0.019531139273367543,0.0003685120638622548,1.3870836288456552,1.3803419563166774,2.2395877946794776,1.3194875776819295
2020-08-10,52739493,106631,150436,3437,260505.99999988294,0.028235415362277097,0.014395303722307382,0.0003094755877531217,1.9201522693345963,1.9107143932290076,2.234281072291032,1.3197342105919874
2020-08-11,52736497,108060,151971,3471,263502.99999993795,0.027854569915991858,0.010336849954580847,0.000388672963649536,2.597036072585971,2.5841243910200187,2.2329728582568165,1.317252555021717
2020-08-12,52733502,109895,153089,3512,266496.99999995204,0.02393376934728489,0.016215331138198043,0.00040037854782234056,1.4404301591415956,1.4331873761061757,2.243266369443575,1.3182087669991112
2020-08-13,52730884,110687,154871,3557,269115.00000024535,0.02511691941023006,0.01582841739397579,0.0003071724829255956,1.5566161263298923,1.548712274440696,2.2451839321863,1.32173977670701
2020-08-14,52728119,111667,156622,3591,271880.9999998923,0.0237996293338096,0.009062659436664438,0.000304476701021523,2.540758347480259,2.5277248302254747,2.2413771580899264,1.3207984375739574
2020-08-15,52725475,113264,157634,3624,274523.9999996109,0.017962639572255534,0.011609941296958684,0.0002825232883388918,1.5104219519360518,1.5025984778875017,2.2479226093113955,1.32046261716605
2020-08-16,52723450,113942,158950,3657,276549.00000014674,0.02289420509644999,0.014402064436884243,0.0003247266242332293,1.554595634679479,1.5464839879609584,2.2489806712435647,1.3223696343465983
2020-08-17,52720855,114859,160591,3694,279144.00000033947,0.028007759227033024,0.01944993439454573,0.0004004910332734571,1.4109399986854598,1.403508842695892,2.2485315154509817,1.3233313272574587
2020-08-18,52717656,115778,162824,3739,282342.9999997066,0.023853309989204145,0.025160003495655506,0.00035412294815670165,0.9349060036107625,0.92992558211296,2.245369675401444,1.3246252797410303
2020-08-19,52714908,115572,165738,3781,285091.0000002405,0.024949907159889442,0.028146956372861624,0.00035475720963634727,0.875382705944053,0.8706740050825174,2.2304284476249565,1.3262431995852941
2020-08-20,52712041,115145,168991,3821,287957.99999996636,0.020965698736868668,0.03147308627886533,0.00033870043769333155,0.6590544229304671,0.6554736926243514,2.21163917060777,1.3272722852570382
2020-08-21,52709640,113884,172614,3861,290359.9999998338,0.019998218971943038,0.02592111286107126,0.00040391978271573975,0.759665495672722,0.7555037177491711,2.1878329064914674,1.3297286127765198
2020-08-22,52707375,113150,175566,3906,292623.99999984953,0.01753368397613677,0.03114422322012621,0.00030048342821964024,0.5576036746731465,0.554525049603199,2.1769169906812214,1.3351559162258373
2020-08-23,52705401,111566,179091,3941,294598.000000283,0.0223983110209535,0.033917143259562535,0.0003764587736839961,0.653133811934922,0.6495034348385407,2.1531754010961484,1.3377551782886299
2020-08-24,52702916,110224,182875,3982,297082.0000000362,0.023219287975331005,0.03520979822291438,0.00040825584770352733,0.6518965895580772,0.6482425240931838,2.1315651457124862,1.3407027665588205
2020-08-25,52700372,108844,186755,4028,299627.9999999143,0.023274795222051434,0.03148542903631699,0.0004961228962178914,0.7277569040786275,0.7236426739486763,2.1112881583412455,1.344333640383777
2020-08-26,52697852,107882,190183,4082,302147.000000019,0.02270969211364384,0.03035724234872923,0.0004171224153074603,0.7379418645281891,0.7337349826073221,2.1012534424707967,1.3509980241457835
2020-08-27,52695416,106997,193458,4126,304582.00000020524,0.020783376968293632,0.03157068399695039,0.00043926055449141493,0.6492787556971102,0.6455474848598868,2.0887213097960804,1.354967283125618
2020-08-28,52693206,105784,196835,4174,306793.99999953585,0.020262112100444298,0.01916168804712236,0.00030250320885682287,1.0409942973726176,1.0349684911225003,2.0765136063128553,1.3605220441226817
2020-08-29,52691074,105855,198863,4205,308924.0000001697,0.01802563871035237,0.02875604594372675,0.0003967654222485808,0.6183156226020231,0.614711635273686,2.0712171724333146,1.3614955085834295
2020-08-30,52689177,104667,201906,4248,310822.00000012363,0.020893163868203807,0.02847124717303862,0.0003152856262354731,0.7257964692688057,0.7215400283698057,2.0605854818636233,1.3666986249798434
2020-08-31,52687004,103827,204886,4280,312994.9999997511,0.018892633263246,0.03168702097917069,0.000337095971724386,0.58995017074836,0.5864662027822446,2.0466801804270647,1.367749108549909
2020-09-01,52685053,102453,208177,4316,314946.000000407,0.025352453814062967,0.027710267227799946,0.00034162006234345673,0.9037699870899975,0.8983994951151293,2.0311257313330686,1.370393654874262
2020-09-02,52682472,102160,211016,4350,317526.9999999351,0.021250836577112114,0.029013028929733457,0.00031323109402372714,0.7246350731357093,0.7202937564059192,2.0202723722101648,1.37027285778241
2020-09-03,52680314,101322,213979,4382,319684.99999982456,0.019153656969842496,0.02182130418140776,0.00028621340084800204,0.8663865989737295,0.8611607667252674,2.0072081808614834,1.3710328259522928
2020-09-04,52678385,101012,216190,4412,321614.9999997607,0.019422497032753075,0.01644359106961978,0.000346493485987739,1.1567837534365715,1.1497642139501922,1.9999728018693683,1.3718265628484934
2020-09-05,52676435,101265,217852,4446,323564.0000001046,0.015817538312587236,0.03380206594865304,0.000315999454905862,0.4636118175369137,0.460781493206586,2.000458841360771,1.3743760912831922
2020-09-06,52674842,99403,221275,4479,325157.0000003979,0.022288992664345253,0.03317807314079945,0.00037222215536852703,0.6643456478575627,0.6602698992305679,1.9840180020218388,1.3774884133765404
2020-09-07,52672641,98269,224572,4515,327357.9999997467,0.01937273542035615,0.03292968343656515,0.00036633764764769855,0.5818333479354276,0.5782396372574057,1.971286268592794,1.3795252306663501
2020-09-08,52670749,96889,227808,4552,329250.99999998225,0.018974309288741983,0.030911343137629686,0.00042316028783163223,0.6055404494881551,0.6017786945518024,1.9590206618151587,1.3825318677848386
2020-09-09,52668921,95681,230804,4593,331078.0000001101,0.01989834070968023,0.02869953273004302,0.0004285072386983011,0.6831335280724032,0.6788661985177298,1.9511718501299606,1.3872863796598736
2020-09-10,52667029,94786,233550,4634,332970.0000001401,0.01902527119896694,0.02610090118693634,0.0003587027734472942,0.7190308376290261,0.7145136003394913,1.945554697238418,1.3917169715199678
2020-09-11,52665238,94069,236023,4667,334760.9999995002,0.013714775623061497,0.023886467975203808,0.0003614329868352048,0.5656067155888044,0.5620342256561229,1.9394080400687277,1.3944235008162567
2020-09-12,52663955,93071,238271,4702,336044.0000001293,0.015960054517733576,0.025485919413966,0.00033307906887171125,0.6181515727011051,0.6142322462254473,1.935194445491549,1.3992215305270248
2020-09-13,52662479,92144,240643,4733,337520.000000293,0.01979090707006859,0.027261677703486822,0.00028216704736089607,0.7185237663474516,0.7139480300901473,1.9288764997830334,1.402287271897195
2020-09-14,52660668,91417,243154,4758,339330.9999998815,0.01897994962927307,0.02667964756367102,0.0004703668856629157,0.6990769623600956,0.6946011676193627,1.9196172866270418,1.4024613063220235
2020-09-15,52658944,90659,245593,4801,341054.99999991956,0.01792918560525467,0.026196780024530908,0.0002316346864620101,0.6784056403427411,0.6740401250107881,1.9177622645585979,1.4079799211754165
2020-09-16,52657328,89879,247969,4823,342671.0000002017,0.01783916765324018,0.027180987782265714,0.00040053849597245937,0.6467795680805121,0.6425978568869524,1.9078926548409376,1.4074724736047826
2020-09-17,52655736,88992,250411,4858,344262.9999997198,0.01742918130612673,0.021608441518107535,0.0002472104670973886,0.7974679189586898,0.7922879728633959,1.9034672955308223,1.4114168196423238
2020-09-18,52654194,88589,252335,4881,345805.0000001201,0.01780459487811152,0.023151858840536273,0.00036121866266429866,0.7572209497326745,0.7522804109266674,1.8976268972478947,1.4114891340569022
2020-09-19,52652628,88072,254385,4912,347370.9999999329,0.017669429625531818,0.024740840482460946,0.00029520965933698166,0.7057594758540818,0.7011338343688797,1.8947238515925313,1.414333912906427
2020-09-20,52651081,87414,256565,4939,348918.00000020687,0.01961111321502322,0.024618483105741537,0.000457592605302989,0.7820646835256478,0.7769161148786682,1.8886900392002401,1.415518832536499
2020-09-21,52649379,86924,258716,4978,350619.99999972654,0.01803127966037032,0.02384814571300294,0.00032211677369486306,0.7460109161120574,0.7410757294538554,1.8881590922452791,1.4200518508267865
2020-09-22,52647821,86381,260790,5007,352178.00000025134,0.01941566312335645,0.02504022859502616,0.0004283349450443767,0.762338366386826,0.7572727710553275,1.883768439862364,1.4217242417472788
2020-09-23,52646156,85846,262953,5043,353842.9999999888,0.018059461872866202,0.024916421362944217,0.00032616167328266383,0.7154363658801547,0.7106599365361678,1.882110620631567,1.425486937739293
2020-09-24,52644615,85220,265091,5072,355384.0000000296,0.016338138023380716,0.02267073468750791,0.0002464210442795334,0.7129217174502487,0.7081413614333466,1.8773781851112772,1.4271886185150984
2020-09-25,52643233,84649,267023,5092,356765.99999967346,0.013154110820646218,0.02070880141818117,0.0004252805709427592,0.6224122167887689,0.6182225129470488,1.8716213981009777,1.4275423455283511
2020-09-26,52642126,83967,268777,5129,357873.0000001966,0.015287765519729529,0.020412781957408848,0.00038110210907925347,0.7352049030785759,0.7302406046649893,1.8725402145505494,1.43318998641043
2020-09-27,52640852,83496,270490,5161,359147.99999995745,0.016966075480150167,0.018947015691076048,0.00038325188702439885,0.8776948074620182,0.8717472650815618,1.872288247505339,1.4370120396084922
2020-09-28,52639444,83289,272073,5193,360555.0000000518,0.017987874118557082,0.01951037918142121,0.00031216609119348853,0.9074452282072849,0.9012719973008672,1.872930687507999,1.4402795690049188
2020-09-29,52637957,83125,273698,5218,362042.0000000081,0.01739379711462461,0.021521545337815664,0.00038495778513437647,0.7940015353889249,0.7885777550815241,1.871165974088801,1.4415414743414794
2020-09-30,52636520,82741,275486,5251,363479.000000054,0.018351403169071318,0.01922867765689311,0.00025380404436754734,0.9419438165253788,0.9354839293804239,1.8704272311068546,1.444650172379662
2020-10-01,52635012,82637,277078,5272,364987.00000004563,0.017010301208807484,0.01874463002045639,0.00039933686953448394,0.8885463136535751,0.8824273469908922,1.8671861165261967,1.4444350072774939
2020-10-02,52633617,82450,278626,5304,366381.99999978964,0.014435578806503205,0.017489175498855945,0.00024256833181021746,0.8141093704239961,0.8084815698055553,1.8684051110595536,1.4479383595673467
2020-10-03,52632435,82170,280069,5324,367563.99999991624,0.013786573264236171,0.019313382475185475,0.0002799041044072491,0.703637606086745,0.6987577856753118,1.865841608412708,1.4487233550295433
2020-10-04,52631309,81686,281656,5348,368690.00000019104,0.017776625507593177,0.018681292188006966,0.00033053400401965543,0.9350298770903198,0.9285254731612125,1.8633886636193884,1.4505411050294252
2020-10-05,52629868,81574,283181,5374,370130.9999999603,0.018504959882545694,0.020239044143508928,0.0003677597516155665,0.8980024256417517,0.8917311655300217,1.8627168982108557,1.4521846260173568
2020-10-06,52628368,81393,284833,5405,371631.00000013266,0.018806695679763386,0.0220903522963265,0.0004300124047702873,0.8350972965747514,0.8292417195730092,1.8622647620326984,1.454399659885379
2020-10-07,52626849,81080,286630,5440,373150.99999997765,0.017898587327468164,0.02078194425370925,0.0002466699594313144,0.8511539156148255,0.8451613415551453,1.8625608156939133,1.4578548630460801
2020-10-08,52625408,80815,288315,5459,374590.9999999383,0.015926263380411428,0.01974856468314002,0.0002103543788648471,0.797952200263677,0.7923124991707206,1.858558902006823,1.4575858533978057
2020-10-09,52624130,80480,289911,5476,375868.99999992125,0.01505439245701786,0.018053951698481556,0.0002857817625805886,0.820862118251635,0.8150407027002355,1.854165185568199,1.457152738978334
2020-10-10,52622927,80207,291364,5499,377071.9999998649,0.014980408325318825,0.01863903926320979,0.00029922203316945853,0.7910128649551839,0.7853851807679669,1.8526939854540334,1.458603506461293
2020-10-11,52621733,79882,292860,5524,378266.0000002587,0.018559641613246185,0.01916576919101382,0.00038807241074019164,0.9491557715994465,0.9423816101123889,1.851305700076413,1.4603480091034702
2020-10-12,52620262,79791,294390,5554,379736.9999998207,0.019401593200913274,0.01857329113655444,0.0002757168705933303,1.0293164071847154,1.0219415483299668,1.8520000266514693,1.4628507023105943
2020-10-13,52618724,79825,295873,5577,381275.00000016205,0.021249010434591774,0.019743188271450825,0.00020043847519339597,1.0654536762310396,1.0577890024681893,1.8500580527724553,1.4627237558407733
2020-10-14,52617040,79916,297449,5592,382958.00000008236,0.02016648729609806,0.02227310826064866,0.00018769474080516612,0.8978524630126866,0.8913649529261876,1.8456187591016129,1.4604696586207908
2020-10-15,52615440,79722,299228,5608,384558.9999999902,0.019294053990632436,0.01892827536022523,0.00018815384861394193,1.0092917343428935,1.0019685410439305,1.8396716934230455,1.4582937858894933
2020-10-16,52613914,79724,300737,5622,386084.9999996969,0.015275909038775928,0.0195672634979993,0.00028849171190166293,0.7693441461827993,0.7637397926697519,1.8354163878065446,1.4564112658447401
2020-10-17,52612705,79350,302298,5645,387293.99999999173,0.016173434981515362,0.021096142681651792,0.000176431314789415,0.7602951567695144,0.7547393780594132,1.8334502376918056,1.4578034831221964
2020-10-18,52611430,78937,303972,5660,388569.00000049826,0.02089122120670872,0.020611374123781577,0.0002660349373137361,1.0006615833206596,0.993325298014755,1.8279764366245002,1.4566267510396607
2020-10-19,52609794,78925,305598,5680,390204.9999994263,0.017614415960773268,0.01953728769827865,0.00022806173444302273,0.8911765522147805,0.8846154237057952,1.8250449755092994,1.4558976539998867
2020-10-20,52608413,78746,307141,5699,391586.0000002462,0.019766084108961305,0.021639194214112346,0.0003047774001673973,0.9007523549701819,0.8940972727671274,1.8216979926072316,1.455363572771316
2020-10-21,52606868,78563,308845,5723,393131.000000189,0.02174909560440436,0.021473212755670927,0.0003054873275457888,0.9986406682355128,0.9912332406657142,1.819320464918117,1.4557488470975413
2020-10-22,52605172,78548,310532,5747,394827.0000001059,0.020343021657118165,0.019516728398311377,0.00017823495313708818,1.0329047733730379,1.0252101384915004,1.8170665773175785,1.4555742135348868
2020-10-23,52603587,78586,312064,5760,396411.99999938934,0.014025783030605359,0.01906167682986233,0.00024177027173040915,0.7265947349604767,0.7211602168987262,1.8126270348291138,1.453282309035833
2020-10-24,52602492,78164,313563,5780,397507.000000341,0.016860502428145827,0.019753339358878904,0.0002942531193887921,0.8410238010585667,0.8347160582377882,1.8099660866666445,1.4540624442193328
2020-10-25,52601184,77905,315107,5803,398815.0000000853,0.01857246177734172,0.019164368110965824,0.000192542197928068,0.9594744967541777,0.9522546855500243,1.8082951606542392,1.4550606170918507
2020-10-26,52599749,77832,316599,5817,400249.9999997379,0.017282623395329755,0.019567534949645103,0.0002569604109589064,0.8717812524839569,0.8651976911822659,1.8044898237322018,1.4535878735797927
2020-10-27,52598413,77625,318123,5838,401586.0000001284,0.019380341525922863,0.02074074122466436,0.0002962962956352381,0.921248607710182,0.9142682713220874,1.802068767546597,1.453735937017618
2020-10-28,52596920,77485,319733,5861,403079.0000001928,0.02186077850132108,0.019978059933593813,0.00032264310421094565,1.0768483466119911,1.068658690358143,1.8000945963670418,1.454057393239177
2020-10-29,52595239,77593,321280,5886,404759.9999999895,0.020831054477914276,0.018326396061365373,0.0002448674620622285,1.1216821328088933,1.1131159298878546,1.7990812031841752,1.4541950785703035
2020-10-30,52593636,77755,322702,5904,406362.9999994745,0.017107348345869848,0.0185451928756851,0.00023149340376587033,0.9110951789502906,0.9041096393907425,1.7969739019725723,1.4531306906604584
2020-10-31,52592315,77616,324145,5923,407684.00000035117,0.020358622065021217,0.02312667524607049,0.00023191096260448025,0.8715691045316939,0.8648649118769306,1.794478713509917,1.452840925841433
2020-11-01,52590747,77371,325940,5941,409252.00000019354,0.02261195051017416,0.025345413723510485,0.00032311847523233526,0.8809210567669948,0.8741188660361285,1.7900994633837717,1.4516728079697327
2020-11-02,52589012,77120,327900,5965,410986.99999988824,0.02167976581991385,0.024455076808862396,0.00022043282189879756,0.878594450300116,0.8717814467663013,1.7869391104770924,1.4516238916894018
2020-11-03,52587353,76876,329786,5982,412645.9999996798,0.01988766123918668,0.02484488213881211,0.0002731636523204222,0.791767855053742,0.7856033588776752,1.781874497375255,1.4499075480588532
2020-11-04,52585835,76463,331697,6004,414164.00000080536,0.02427981521014606,0.024730915348107584,0.00022232975699843912,0.97301233197833,0.9654088638122954,1.7779041223774534,1.449667281634242
2020-11-05,52583994,76396,333587,6020,416004.9999993509,0.01938062589011457,0.01883581831454576,0.00019634280867074675,1.0183092589770577,1.0103164332868892,1.7729212122831604,1.447334894165818
2020-11-06,52582525,76411,335027,6035,417473.9999999218,0.01700300907684057,0.020166989706590845,0.00017013035018470374,0.8360578601774945,0.8294723735329401,1.7697610118668206,1.4458350799220296
2020-11-07,52581235,76147,336568,6049,418764.00000010035,0.019511459082023515,0.020709941954767167,0.0002363848961432241,0.9314978812705526,0.9241379749566165,1.7655282721100825,1.4444890200816953
2020-11-08,52579761,76026,338145,6067,420238.0000001568,0.02231409436147341,0.02134796187872348,0.00032883486554144046,1.0293999904472555,1.0212379157162066,1.7625765516820715,1.4437057096396169
2020-11-09,52578079,76060,339767,6091,421919.9999998992,0.022516583955082586,0.02166682003680013,0.00021035748543877166,1.0292270989799168,1.021033712281904,1.7614063493766772,1.4438721940729262
2020-11-10,52576380,76095,341415,6107,423618.9999999732,0.02295735842205324,0.02253732065865158,0.0002496846159888676,1.007475890111913,0.9994233623967325,1.7575764551458468,1.4418582691991273
2020-11-11,52574646,76095,343131,6127,425353.0000002419,0.024442170212543322,0.022826730621471347,0.00017083908847653434,1.0628153548751094,1.054285759232264,1.7542905245038123,1.4404506374872248
2020-11-12,52572802,76190,344867,6140,427197.9999999484,0.023380474145679984,0.01993699935458352,0.0002493765522957445,1.158230395269327,1.1488947292901417,1.74924788039847,1.437272646414214
2020-11-13,52571035,76418,346386,6158,428963.999999485,0.020197759621355074,0.01913136868861453,0.00018320053838502488,1.0457266420998363,1.037262924194118,1.7470060643958125,1.4357814739632564
2020-11-14,52569503,76474,347849,6173,430496.0000003564,0.024217948401942958,0.022138243612895694,0.0002746031293280186,1.0805387053452074,1.0717620184012178,1.7436769466573894,1.4339273768153733
2020-11-15,52567666,76597,349541,6194,432333.0000000333,0.02815504276772647,0.02094076822130581,0.0002741621830551876,1.327133402329656,1.316307748431245,1.7411788517537223,1.432691929617567
2020-11-16,52565527,77111,351146,6215,434472.0000000738,0.02892301992045848,0.022681589935730443,0.000505764415108273,1.2473617939690604,1.237136509066703,1.7391377346801782,1.4304719291531875
2020-11-17,52563316,77534,352894,6253,436682.9999997277,0.027452605496278055,0.02441478134426255,0.00027084544987855414,1.1120886548764348,1.1029258615337358,1.741338553034755,1.432156891445557
2020-11-18,52561204,77732,354788,6275,438795.0000004346,0.030666074132223612,0.02488035783748233,0.0003859414426160675,1.2137145132440696,1.2036660550232854,1.737923852674536,1.430052758162922
2020-11-19,52558841,78132,356721,6305,441158.99999992235,0.02936179292787955,0.021873241728557945,0.00021758049581073526,1.3291398857707597,1.3180765252235753,1.736785418176782,1.4291899292644088
2020-11-20,52556566,78680,358430,6321,443432.999999532,0.023672596618992334,0.024415042574711086,0.00035586738361487245,0.9556611629858813,0.9476655056619048,1.7332276909960513,1.4256913091331296
2020-11-21,52554718,78579,360352,6350,445281.00000012934,0.0264377739445329,0.026419273030978435,0.00048358979227866664,0.9827122904435978,0.9744560599176745,1.7316513136182743,1.4260657876855398
2020-11-22,52552658,78525,362428,6388,447341.00000042154,0.031067700124290713,0.027800064110268863,0.00035657435212820975,1.1033881109700412,1.0940751394185557,1.732028979272126,1.427993409991594
2020-11-23,52550240,78732,364610,6415,449758.99999974255,0.02856598806427519,0.028780817533461827,0.0004064369571357241,0.9787144615975272,0.9704091081119162,1.7292542051855053,1.426538598335723
2020-11-24,52548010,78664,366876,6447,451988.99999991193,0.02764310377896784,0.029263331808917773,0.0004957732160937625,0.9288956692660862,0.9209739934390562,1.7271814102872483,1.4265802340660971
2020-11-25,52545853,78480,369179,6487,454146.0000001766,0.029457305681127463,0.02897553457335927,0.0004714577099453391,1.0003502360350975,0.9917784980477288,1.7267998701208418,1.4283952737858343
2020-11-26,52543561,78461,371453,6524,456438.0000001638,0.029221463506868495,0.028332548071810713,0.00025490370268013913,1.0221779729574703,1.0133749944569277,1.7260309489923293,1.4293288464308116
2020-11-27,52541289,78490,373675,6543,458709.9999996868,0.02452074560580858,0.028143354813809047,0.00045865131876362213,0.8573085919971101,0.8498886984517633,1.721108831696582,1.4266062945684603
2020-11-28,52539381,78153,375884,6579,460617.9999994551,0.02307848132526891,0.029262737949264442,0.0003710622879324443,0.7787891239241189,0.7720207696778627,1.7204188617925034,1.4285125016025733
2020-11-29,52537592,77626,378172,6609,462407.0000010873,0.032814052955238704,0.03270811346487735,0.0004508798504965034,0.9895973814146156,0.9809635353108623,1.717600401387301,1.4292603702924593
2020-11-30,52535068,77576,380710,6643,464930.99999949464,0.02981931448261022,0.03239362243956195,0.0003996029771822325,0.9093132530777077,0.9013365332103223,1.7152224702894503,1.4290261801277033
2020-12-01,52532775,77325,383223,6674,467223.9999999157,0.028677922433303128,0.033132453124494504,0.0004914259174032698,0.8529034498835893,0.8453846705608332,1.7119818209219495,1.4286478677204768
2020-12-02,52530576,76924,385786,6713,469423.00000021973,0.030376686121471104,0.03370859549091833,0.00045499455233996404,0.8891538062307804,0.8812785867905103,1.7103228288728862,1.4300534912215488
2020-12-03,52528260,76612,388379,6748,471739.00000023586,0.02965885878371386,0.03357176440035454,0.0003132668605893007,0.8752790739756201,0.8674884947458424,1.7078053385598513,1.430452008439081
2020-12-04,52526009,76267,390950,6771,473989.9999994725,0.023787500064677208,0.03221534612425316,0.00045890806000395624,0.7280196796699444,0.7215088752632624,1.7026925774479664,1.428719110659302
2020-12-05,52524211,75573,393407,6806,475787.9999998212,0.023445983490251017,0.03376822824668688,0.0004101939844697001,0.6859878824037109,0.67982970372616,1.70083580073088,1.4306762030850082
2020-12-06,52522454,74747,395960,6838,477545.00000058464,0.029673227105894755,0.03562684832358334,0.0004816246788444523,0.8217801706513493,0.814375744360672,1.6976251123997348,1.431906940757788
2020-12-07,52520257,74245,398622,6873,479741.99999897345,0.029929074594841915,0.03462812871126777,0.0004309996523391594,0.8536742352644953,0.8459470328737023,1.6952036636410703,1.4328505053650231
2020-12-08,52518054,73845,401194,6906,481945.000001435,0.02950521547870131,0.06462184357351784,0.00032500509093022544,0.4542978771940397,0.45016683467120994,1.6922322960137792,1.4329435931557468
2020-12-09,52515896,71207,405965,6929,484102.99999938824,0.02637561974974511,0.06299853957973497,0.000519604540523199,0.41524544073278413,0.4114525962595318,1.678388746769667,1.4315105844741787
2020-12-10,52514034,68546,410452,6967,485965.00000065146,0.027739541179378893,0.056400082515600976,0.0002771861079914657,0.48942974587579274,0.48494211782901725,1.6690663338987286,1.433642340558138
2020-12-11,52512151,66544,414317,6985,487847.9999987631,0.020156986318808568,0.047862348453089086,0.000510932440743582,0.4166966959104582,0.4128611517507941,1.658185063432179,1.4320004754843494
2020-12-12,52510821,64654,417503,7019,489177.00000034826,0.02115262380424968,0.05247854087797282,0.0004949346684151203,0.3993059467228406,0.3956204654085041,1.6536206518617549,1.4350604483245073
2020-12-13,52509466,62585,420895,7052,490533.00000027695,0.029013435994177973,0.04711991698251755,0.0005911959596204676,0.6081064600057479,0.6024782619460998,1.6478637592182763,1.4376198951539985
2020-12-14,52507667,61398,423845,7089,492332.000000365,0.030857674141190516,0.046972214410634185,0.0006514870136358386,0.6479478330818025,0.6419288982435325,1.6450314897600948,1.4398820308414242
2020-12-15,52505790,60351,426729,7129,494209.0000001447,0.027296334632493917,0.043445841143458896,0.0004473828133670956,0.6218803763274027,0.616081564072192,1.6431643533232994,1.4425071174423505
2020-12-16,52504159,59333,429350,7155,495839.99999892,0.019292635321819393,0.03773552959097699,0.0006067347643994055,0.5031689089357123,0.498461544881851,1.6393780625663352,1.4432045755738925
2020-12-17,52503024,58193,431590,7192,496975.0000006346,0.022863159645499495,0.0347808180664942,0.00042960494332903326,0.6493293090833071,0.6432406576991867,1.6390827336398468,1.4471552895650392
2020-12-18,52501707,57461,433614,7216,498291.999999998,0.022258623602402897,0.0345793735968846,0.0004350701283874611,0.6356983357224518,0.6297216911767705,1.6371353194223233,1.4483446486230107
2020-12-19,52500440,56716,435600,7241,499558.99999919656,0.020522440389207905,0.03395807361558481,0.0006699931877822425,0.5926533671585851,0.5870672506892795,1.6353425479757664,1.449675714575899
2020-12-20,52499286,55906,437527,7280,500713.0000011017,0.02654491683943327,0.03876149238344246,0.0005723893404421288,0.6748613580976547,0.6684857001691221,1.6366648907111567,1.4539267006091272
2020-12-21,52497817,55176,439693,7311,502181.9999992752,0.024115260087085,0.040506007929248404,0.0003080994158499627,0.5908559970007811,0.5852575800330279,1.6357722267040107,1.4560429165669737
2020-12-22,52496498,54243,441929,7329,503501.00000060175,0.02544312079836043,0.044540311834141304,0.0005530667753087272,0.5642318580455273,0.5588716760595345,1.6313565924721098,1.4556078339877156
2020-12-23,52495132,53163,444344,7358,504866.9999998263,0.023434426980361352,0.044108795130142285,0.0003573847138610718,0.5270168713070071,0.5219966372734574,1.62916423141731,1.4576087214643016
2020-12-24,52493897,52034,446690,7378,506102.0000005594,0.022566259488275214,0.040608065879123745,0.0003843640746871523,0.5504982142727872,0.5452414854385822,1.624866760091509,1.4578089002236294
2020-12-25,52492735,51063,448802,7397,507263.99999870226,0.016490273496176575,0.0329978057000124,0.0005874980536363008,0.49099670549756674,0.4862973847463754,1.6216536131030663,1.4584093125916673
2020-12-26,52491900,50183,450488,7428,508099.00000098726,0.02110583258578002,0.029352572548558005,0.0004782496099546152,0.7075176297062664,0.7007348576422798,1.6221315700818986,1.4619198228004104
2020-12-27,52490852,49734,451960,7451,509146.9999991438,0.018921086629615936,0.027284610266672855,0.0005428772721728869,0.6799423269241635,0.6734104537872108,1.6220699021528393,1.4636215794980263
2020-12-28,52489919,49283,453318,7479,510080.00000033627,0.024196511282671043,0.0252622629488644,0.0006087291919358228,0.9352757385949487,0.9262745556084411,1.623057441850498,1.4662405897741073
2020-12-29,52488738,49189,454563,7509,511261.0000007608,0.025351795851778783,0.030636933499251534,0.00044725448449131996,0.8155849483678926,0.8077175072759951,1.6250714174665306,1.4687214554043393
2020-12-30,52487504,48894,456069,7530,512494.9999993382,0.020940807699460624,0.028407812000931242,0.0005726556980935686,0.7225834971657576,0.7155963457112753,1.6244572379583786,1.4694748836577505
2020-12-31,52486489,48492,457459,7559,513510.0000006834,0.020615480488040662,0.024684485877717897,0.0003505733063375947,0.8234644198952162,0.8154860275786902,1.625528474231389,1.4720258612874775
2021-01-01,52485500,48267,458655,7575,514498.9999987032,0.01430979208088856,0.019971824050270502,0.00047650623127379387,0.6998024720778258,0.693009145397119,1.6249420888107966,1.4724975703615824
2021-01-02,52484815,47965,459620,7599,515184.0000007135,0.01757940934013203,0.020389870466038476,0.0005629104691035586,0.8390012473546087,0.8308458218541631,1.6264321442968481,1.475006987844999
2021-01-03,52483981,47794,460597,7625,516017.9999998152,0.01922684608280429,0.019186108767633162,0.0005021445867184613,0.9765643369554999,0.9670563580680196,1.6287076271108392,1.477852559685545
2021-01-04,52483070,47764,461515,7650,516929.0000001687,0.02095219713905261,0.01976383828843631,0.00041872541861034886,1.0381335812029289,1.028008330232103,1.6305564140723745,1.4798937571855346
2021-01-05,52482080,47790,462459,7669,517918.99999997363,0.02066605490155613,0.021363856302653254,0.0003557155180876534,0.9514945815746364,0.9421965575000634,1.6314671079436756,1.4809236947608986
2021-01-06,52481101,47731,463480,7687,518898.0000005099,0.021305997420535315,0.020238420127540305,0.0006494730959563896,1.0200165805409374,1.010030135928669,1.6314809823841072,1.4814086776720674
2021-01-07,52480095,47740,464445,7717,519903.9999994265,0.016605782646824472,0.017448313276793213,0.0003351417197196104,0.9337770781932261,0.9246172173196354,1.6346015367010556,1.4845019762748457
2021-01-08,52479310,47676,465278,7733,520688.99999929685,0.014658343902706834,0.016464961859511792,0.00046143848005812183,0.8660047977501216,0.8574969205443087,1.6350501993933162,1.4853367646125013
2021-01-09,52478617,47562,466064,7756,521382.00000133214,0.02274169833266744,0.01549556673206778,0.0005256296667558295,1.4194756600285667,1.4055117942722308,1.636908530822518,1.4875849186841612
2021-01-10,52477547,47870,466800,7780,522451.99999948306,0.017911731062757973,0.019155648709995126,0.00045956845012008106,0.9131548693317026,0.904153401102005,1.639548065380817,1.4893205703958474
2021-01-11,52476698,47780,467717,7802,523300.99999962794,0.015176743260527172,0.020154455279556404,0.0003348611913064211,0.740714961482952,0.7334014625578921,1.6409369932709372,1.491108384790195
2021-01-12,52475979,47520,468681,7819,524020.00000052,0.018915981518233524,0.01769781158512256,0.0002946127946252881,1.0513303331998565,1.040935709987141,1.6409233998647856,1.4921186214936464
2021-01-13,52475090,47554,469522,7832,524908.9999999745,0.01726700637160501,0.018567974705983786,0.0003364525593071706,0.9133842633417254,0.9043381907313542,1.6409171371131908,1.4922558152576029
2021-01-14,52474276,47469,470404,7849,525723.0000001104,0.016213408249600526,0.015125662255948491,0.0002738629624761971,1.052851176879276,1.0424076866158518,1.6411781187655978,1.4929915564126628
2021-01-15,52473515,47499,471122,7861,526483.9999994698,0.01229051238897565,0.013326317286107002,0.0004421053016873298,0.892659439424176,0.8837920963929914,1.64138751731224,1.4932999040429698
2021-01-16,52472937,47423,471756,7882,527061.99999996,0.012118660129071444,0.014359818717641408,0.0004849865206658214,0.8163569635658857,0.8082386777107416,1.6435277364768932,1.4956466304713212
2021-01-17,52472367,47289,472437,7906,527632.000000456,0.014887365890956544,0.01556387393263427,0.0003383450849409968,0.936181665873354,0.9268617290332238,1.6459071955154039,1.4983928192665592
2021-01-18,52471671,47233,473172,7922,528328.9999999441,0.015011818810572676,0.014438750479216101,0.0004234238260091919,1.0100688164648137,1.0000000300807184,1.6466602230351142,1.499444474940965
2021-01-19,52470969,47234,473854,7941,529029.9999999509,0.014028328765065979,0.013062626024498633,0.00016936953102123528,1.0601823969940734,1.0496000151637697,1.6484120905643993,1.5012352773233417
2021-01-20,52470313,47264,474472,7949,529685.9999998896,0.012480600366163214,0.012736699718738516,0.0003385168894179498,0.9545234117481218,0.944983867665382,1.6479347956577306,1.5008863725010173
2021-01-21,52469728,47231,475074,7966,530271.0000004901,0.013238248428203545,0.010311023749727248,0.0003175879990937271,1.2455294013041782,1.2330678077246147,1.6491387877258752,1.5022507359874417
2021-01-22,52469110,47347,475560,7980,530888.9999990856,0.009301586833871646,0.007138633956559242,0.0004646447572006476,1.2233652328222921,1.2111111050448153,1.6505288061274996,1.50332460579938
2021-01-23,52468673,47424,475899,8003,531326.0000002857,0.010074852716802658,0.010838393671679662,0.00042172739560206613,0.8947375127321608,0.8857678019111838,1.6538472665967372,1.5062315791072003
2021-01-24,52468200,47363,476413,8023,531799.0000005816,0.012839171409089679,0.011950257196643865,0.0003800435137137414,1.041269934179676,1.0308219483527168,1.656152721976045,1.5086527052944925
2021-01-25,52467599,47380,476978,8040,532399.999999381,0.010979629880893278,0.009434162097684391,0.00029547712132275993,1.1284724575855014,1.117136673666817,1.6578697785274874,1.5103277416488705
2021-01-26,52467083,47435,477426,8055,532916.000000192,0.011244080375119179,0.010730473349983203,0.00035838516601757677,1.0139980015882084,1.0038022887892013,1.659179246989692,1.5114952450437227
2021-01-27,52466555,47437,477935,8072,533444.0000003207,0.010839116761399977,0.012880241678240891,0.00031620888491929816,0.821366071848058,0.8130990833870467,1.660881427636872,1.5131860139049824
2021-01-28,52466047,47320,478545,8086,533951.9999997978,0.009691892566971803,0.008748942607416425,0.00014792900583902464,1.0893596073176837,1.0783848218785337,1.6618272907927216,1.5145527789904276
2021-01-29,52465593,47352,478959,8093,534405.9999996724,0.007743909829270134,0.007116759718330158,0.0003590057873539568,1.0358684770652768,1.0254237163038968,1.6618280519033477,1.5145759692366514
2021-01-30,52465229,47361,479297,8110,534769.0000001214,0.007870470538557222,0.009437947823651318,0.00033782357858974795,0.8050996913402599,0.796976280106011,1.6641089190122116,1.5167268171325055
2021-01-31,52464860,47268,479743,8127,535138.999999998,0.009467686539516112,0.009985614648114583,0.00021155964859260462,0.9284617742165456,0.9190871822113329,1.6658091995661057,1.5186708500062176
2021-02-01,52464417,47229,480216,8137,535582.0000003017,0.011229530014438823,0.010840797727583576,0.00025408119677535374,1.0121363280300666,1.0019084219207122,1.6662127600645213,1.5192818280218368
2021-02-02,52463893,47229,480727,8148,536105.999999635,0.009368531091473203,0.012237984281043524,0.0002752488287484488,0.7486898876791525,0.7411167614723859,1.6668814445770435,1.5200323815595504
2021-02-03,52463454,47077,481306,8162,536545.0000004154,0.010407631889613397,0.01297873677533493,0.0002761433856879559,0.7851924546415692,0.7772436097803064,1.667524741178079,1.5212144368408598
2021-02-04,52462969,46938,481916,8175,537029.9999999874,0.00936241098210521,0.010801483639095392,0.00014913288094035772,0.8549665642089934,0.8463035419262951,1.6680541612639184,1.5222613261868165
2021-02-05,52462535,46858,482423,8181,537463.999999524,0.006575571877703345,0.00889903937897783,0.00017072497013965782,0.7249991978394859,0.717647130614928,1.6677333746141183,1.5223316866886072
2021-02-06,52462229,46739,482841,8190,537770.0000002084,0.00631149900360359,0.011360961845871159,0.00032093114395822977,0.5402805015504399,0.5347985193372218,1.6679191334199888,1.5229559105237411
2021-02-07,52461938,46484,483371,8204,538060.9999998547,0.006867611924104961,0.012025384047582317,0.0003441970886938156,0.5552016554517268,0.549565216182494,1.6691179611700193,1.5249172028466929
2021-02-08,52461621,46226,483931,8221,538378.0000002107,0.00845782714352338,0.013888288219291117,0.00017306278577918052,0.6014946316661623,0.5953846371588798,1.6704188949901875,1.526994045089328
2021-02-09,52461234,45962,484573,8228,538764.0000000556,0.008528268102156717,0.015599506807215517,0.00021756631432068998,0.5391811769868345,0.5337002267592452,1.6698390022733847,1.527382068245655
2021-02-10,52460847,45623,485290,8238,539152.0000000079,0.008370263279732707,0.01492635687911762,0.00019726463243688864,0.553456278533405,0.547826165585523,1.669405445256845,1.5281376529339243
2021-02-11,52460468,45312,485970,8248,539531.0000002052,0.009899505777614162,0.009313208328459503,0.00011034605904078881,1.050506567961786,1.0398126477443548,1.668895772975435,1.5287351422323858
2021-02-12,52460025,45328,486392,8252,539973.9999993682,0.00648581061130825,0.008250789455087046,0.00028679216517064074,0.7596777284001522,0.7519380161623251,1.6684659331584188,1.528404092732911
2021-02-13,52459734,45233,486766,8265,540264.9999999916,0.00728135160576442,0.010213782597105241,0.00017686206035290991,0.7007603325687828,0.6936170321494387,1.6697876707198125,1.5299870804370947
2021-02-14,52459407,45089,487229,8274,540592.0000005384,0.009993479584907526,0.014216327848084817,0.00024396195094768855,0.6910981538956543,0.6840490953671311,1.6698183462478635,1.5305442922214942
2021-02-15,52458962,44882,487870,8284,541036.9999998235,0.008913934239860657,0.016732392445594182,0.0002896419715377392,0.5236703217383452,0.5183245858056763,1.669841077851993,1.5313157301001232
2021-02-16,52458565,44515,488620,8298,541434.0000000315,0.010054413032540297,0.014219924429984867,0.00035942939919239906,0.689633652516113,0.6825885755320786,1.6698898613571656,1.5325967708262025
2021-02-17,52458123,44308,489254,8313,541876.0000000282,0.008915545149706187,0.015301631338300394,0.0003385316912617975,0.570041701793933,0.5642135732678911,1.6709273908051607,1.5342965285264565
2021-02-18,52457731,44007,489931,8329,542268.0000001013,0.009321177146087087,0.012179883575060772,0.00018178927110939005,0.7540384915602205,0.7463236098880416,1.6716138730711487,1.535956390585733
2021-02-19,52457326,43868,490467,8336,542672.9999996979,0.008060834085257929,0.009665138876441954,0.00011397572545341898,0.824290788421233,0.8158508118788392,1.6713946331591243,1.5362814507291873
2021-02-20,52456976,43789,490891,8341,543022.9999998079,0.007544759310209976,0.010847225326060491,0.00015985386769575997,0.6854460822349427,0.6784232207469206,1.670959910574635,1.5362120274534314
2021-02-21,52456648,43635,491367,8349,543351.000000244,0.008474642785565187,0.01585882884084123,0.00016042171320096638,0.5290286681624284,0.52360514550028,1.6707489854279605,1.53657580459425
2021-02-22,52456282,43302,492059,8356,543717.0000000135,0.009309865226780354,0.019121521024764217,0.0004156851736725084,0.47651978139665047,0.47163128129229853,1.669814054341106,1.5368289018057344
2021-02-23,52455883,42855,492887,8374,544116.0000001134,0.010090763165113153,0.021257731902707723,0.00011667251675801633,0.47209564145438654,0.4672489734429267,1.6705867801448877,1.5390100640343944
2021-02-24,52455456,42366,493798,8378,544543.0000000447,0.009777802359124009,0.022588333445047293,0.00011801641935054233,0.4306197348986947,0.4261953928725455,1.668535197725809,1.5387186342858048
2021-02-25,52455045,41815,494754,8384,544954.0000001559,0.011356759961569316,0.017768745930964502,0.00026306351692670436,0.6298180997524613,0.6233422499072785,1.6663387255223705,1.5384784771197715
2021-02-26,52454576,41530,495497,8394,545422.9999993973,0.009901809723324322,0.01466374717827428,0.00012039199912778083,0.6697589629337022,0.6628664979469433,1.6660283036026657,1.5391695268036925
2021-02-27,52454169,41323,496107,8399,545829.9999998742,0.009413566851691526,0.019770593299968296,0.00019359210976795842,0.47152271222148945,0.46666666830025944,1.6649917641903011,1.5389378763330077
2021-02-28,52453783,40884,496924,8408,546216.0000012629,0.014457778099715001,0.021353098018555165,0.000195675580319864,0.6709327578841786,0.6640181874018882,1.66385663295501,1.539317779127384
2021-03-01,52453199,40587,497796,8415,546799.9999979147,0.012820750240313145,0.01463486741701495,0.00017246482767944543,0.8658379530118897,0.8569051508596557,1.6625412622085782,1.5391339810401758
2021-03-02,52452683,40502,498391,8423,547316.0000022445,0.015317928549498675,0.030517011110183564,0.0001234507298442813,0.499924858491779,0.49476230368582086,1.661950932722193,1.5389646931874577
2021-03-03,52452070,39874,499626,8427,547928.9999989772,0.015685673498780514,0.021090908852855333,0.0001755486103887971,0.737578109842264,0.7299528455739622,1.6588755154389372,1.5381526837302433
2021-03-04,52451450,39646,500467,8435,548549.000000041,0.016184253792740782,0.017050899874079622,0.00015133935012143974,0.9408225046639206,0.9310850616569653,1.657486790241447,1.5376930775810804
2021-03-05,52450816,39598,501143,8440,549182.9999995164,0.013779488961572519,0.020758098965079914,0.0002525316719434077,0.655834144135177,0.6490384518451303,1.6564459314395366,1.5370076330938467
2021-03-06,52450276,39306,501966,8450,549722.9999999572,0.015578686034592344,0.0263820700471308,0.0002798484063117659,0.5843047664329211,0.5782443015952377,1.6557050411462384,1.5373169080973936
2021-03-07,52449669,38865,503003,8462,550330.0000005818,0.021970056849021133,0.028740514222019526,0.0003602212419337925,0.754965690686242,0.7471264821946196,1.6544631598149717,1.537622880879272
2021-03-08,52448825,38578,504119,8475,551173.9999997744,0.02388822950988509,0.031856709448919024,0.0003369709079318146,0.7420161113950322,0.734299534983979,1.6535439214965504,1.5378055971037945
2021-03-09,52447912,38249,505349,8489,552087.0000002069,0.026895235855864057,0.033046616525502163,0.00018301132972487803,0.809375174860209,0.8009441723345821,1.6520771138215156,1.5376199765827427
2021-03-10,52446894,37995,506613,8495,553104.0000000907,0.027952519882330988,0.03439836065425286,0.0001579114149099097,0.8088985937599206,0.8004570186685416,1.6493596500864764,1.5360555409848715
2021-03-11,52445843,37734,507920,8502,554156.0000001981,0.028548885602162802,0.03317962721439671,0.00034451689644855884,0.851591781367121,0.8426877777267824,1.6463280030865972,1.5342250196873601
2021-03-12,52444778,37534,509171,8514,555220.9999987554,0.027300786215886483,0.03031836996227679,0.00031970158784972,0.891073910158479,0.881739170152277,1.6448162692267376,1.5336207858614999
2021-03-13,52443764,37398,510309,8526,556234.9999994136,0.03131882401352734,0.03703307520158453,0.0004812963739828441,0.8348486912659596,0.8260869847816108,1.6434834060517194,1.5329824030563624
2021-03-14,52442604,37155,511695,8545,557395.0000028524,0.04822620460225765,0.038541247077803764,0.000699771193783814,1.2289743418094679,1.2160494259160892,1.6425111489574864,1.5330241572525631
2021-03-15,52440832,37469,513126,8570,559166.9999979318,0.04636587653499081,0.03608219903535129,0.0006938884634777959,1.2607615352358257,1.2474601427461676,1.642904515495471,1.5328130363790466
2021-03-16,52439112,37810,514479,8596,560886.0000005815,0.04985184184998115,0.03993546916253974,0.00029092067304949153,1.2392820249028675,1.2261670525226755,1.643547017995673,1.5327508036116062
2021-03-17,52437247,38155,515988,8608,562752.0000008722,0.05793397405720531,0.03234176672810442,0.0004193420873322604,1.7683764729570888,1.7496000163214072,1.6408786174955543,1.5296258389145492
2021-03-18,52435061,39091,517223,8623,564937.9999992673,0.0491010925415969,0.04138954201907619,0.00046045225975681217,1.1732640204070797,1.1607579986015144,1.6400207663360036,1.526536493173079
2021-03-19,52433162,39354,518840,8641,566836.9999990303,0.047978511323410446,0.040071147014297065,0.0006606530198862494,1.1779128661916605,1.1653150867013717,1.6383466386204615,1.5245978568475356
2021-03-20,52431294,39619,520417,8667,568704.999999772,0.055415425868008385,0.04257950975592047,0.0005552751618710361,1.28470388744541,1.2709186981024592,1.6382969875961826,1.524161869190054
2021-03-21,52429121,40083,522105,8690,570878.0000002726,0.07084265275490188,0.043759201840530865,0.0007484470048645725,1.5916961374658403,1.5745516161049378,1.6371668912055366,1.5222166557780443
2021-03-22,52426312,41108,523859,8720,573687.000002097,0.08740124772625048,0.0446385144940067,0.00043787093247205414,1.9389586564966514,1.9179709266929335,1.6373157786790182,1.5199926093700977
2021-03-23,52422759,42808,525693,8737,577239.9999989659,0.08424109922986776,0.044733584941372806,0.0005839893982408208,1.8589057436869423,1.838659872918741,1.6350068857246454,1.5137524880461453
2021-03-24,52419192,44435,527608,8762,580806.9999997186,0.08161724927830213,0.04467098567249968,0.0007651454423936918,1.7963071959608168,1.7766222088964767,1.6337541855065008,1.5087602098949662
2021-03-25,52415604,46004,529594,8797,584395.0000007285,0.08213774472650506,0.04471350421220579,0.0007173289099649902,1.8079735519184412,1.7880383557955077,1.6339426179588386,1.5053174651136874
2021-03-26,52411868,47650,531650,8829,588130.9999990314,0.07796745655660607,0.04136324625241481,0.0008184508111633015,1.848371734287743,1.8278607694345315,1.6337299552907343,1.5013636393972245
2021-03-27,52408194,49314,533621,8868,591804.9999986162,0.08014052777174581,0.040940891450090694,0.0007097232460867256,1.9241139262009714,1.9026290862654525,1.6348658317496236,1.4986329978618524
2021-03-28,52404285,51169,535641,8904,595714.0000033574,0.10240371818460084,0.04059098348698797,0.0008794386836359011,2.4693194046416025,2.4415646708698406,1.6351265738521321,1.494676976126463
2021-03-29,52399105,54227,537717,8948,600893.9999980634,0.09404403684103722,0.039868704613683664,0.0008298296446324207,2.310747513513238,2.2845492145804402,1.6370111967742855,1.4892784927619562
2021-03-30,52394063,57062,539879,8993,605935.9999990475,0.09498212937395127,0.03888684465555087,0.0009112735773323795,2.386598502425478,2.3593131942920578,1.6386274445016915,1.4843127255371205
2021-03-31,52388704,60150,542099,9046,611295.0000021948,0.10880271409221437,0.04719867100309582,0.0009808811600918496,2.258275745770563,2.2322292166443813,1.6413103630947634,1.4798092575058963
2021-04-01,52382235,63721,544938,9105,617764.00000068,0.10845010077598313,0.03880981207069162,0.000784670640031586,2.73902052385223,2.7070948590123156,1.6433742508230094,1.4738638056733195
2021-04-02,52375406,68027,547410,9154,624592.9999965908,0.08453536308013493,0.034750397383038055,0.000852590154374383,2.3743895927639,2.346408035671046,1.6449082406218527,1.465752152361131
2021-04-03,52369722,71289,549775,9213,630277.0000026668,0.10060869324732205,0.03797219917097165,0.0007434526625404011,2.598656834707758,2.5677537024588757,1.6481570268362982,1.4617382517778592
2021-04-04,52362636,75615,552481,9265,637362.9999992482,0.09470373653650792,0.038774862812193486,0.0006876851488131953,2.3998383639618397,2.370978674552854,1.6494940791281414,1.4538003400921586
2021-04-05,52355561,79706,555413,9317,644437.9999997761,0.09160781548168917,0.037248925342753696,0.0008280326739546861,2.4058596130891328,2.3766063544823592,1.649986188131604,1.4459087671540471
2021-04-06,52348347,83885,558383,9384,651652.0000008715,0.09204186085345488,0.038815046423745225,0.0007510281749146079,2.326282346355695,2.2976800874709364,1.6527906694748007,1.4400324099907422
2021-04-07,52340722,88191,561638,9446,659276.9999988143,0.07869571281110307,0.038450200278013325,0.0008390783841312687,2.002981869120615,1.9780664727605808,1.654216702819857,1.4329311761460004
2021-04-08,52333867,91581,565030,9521,666132.0000017149,0.08251689876220619,0.0383376464903761,0.000687915626270164,2.1144320359964475,2.087856854083731,1.657120081736304,1.429296295750337
2021-04-09,52326406,95468,568540,9583,673592.9999980109,0.05668625577686466,0.04019105787981777,0.0008065445516419009,1.382672459240354,1.365099707938279,1.6577729728127313,1.42281552375519
2021-04-10,52321062,96898,572378,9661,678937.0000002751,0.06083210650985128,0.043468389494418364,0.0008049702015867057,1.374011525837294,1.3564103327123034,1.6598544084022142,1.4229597149837423
2021-04-11,52315243,98427,576590,9739,684756.0000013339,0.07411842267579816,0.04595283678944606,0.0008432645334080374,1.5838589237262055,1.5633956735588983,1.6610128444325543,1.4222584395940072
2021-04-12,52308043,101021,581112,9821,691955.9999992047,0.06045951771340458,0.04803904110610035,0.0006830195422761398,1.240906417110238,1.2247054690904113,1.6621117381154324,1.419452364761955
2021-04-13,52302014,102128,585966,9891,697985.00000011,0.05144715847740958,0.05221878556473221,0.0009399968789583209,0.9678016710015128,0.9550562330126017,1.6599620378830373,1.4170791636021065
2021-04-14,52296830,101883,591298,9986,703168.9999996244,0.04169805453929544,0.05805622085818242,0.0009226178927781379,0.7070002635244548,0.6976202766602183,1.6609400517789856,1.4202824352208838
2021-04-15,52292637,100067,597214,10081,707362.0000005995,0.04473751527486455,0.05690187782737752,0.001009323782016,0.7725192023576987,0.7622088539664993,1.6599840275920272,1.4251543057672051
2021-04-16,52288221,98688,602907,10181,711777.9999992577,0.03567040568965324,0.059854696030241024,0.0010234170159343714,0.5859315262054463,0.5780626198034733,1.660767587080853,1.4305001973418554
2021-04-17,52284747,96154,608815,10283,715252.0000000827,0.03898525778682578,0.06365829872009603,0.0010607983143686632,0.6023764170576278,0.5942471873876366,1.660964823023306,1.437675113112642
2021-04-18,52281049,93629,614936,10385,718950.0000001681,0.04624350647736658,0.06797039413652578,0.0011962105964333897,0.668581415206155,0.6595120821849711,1.660747040337781,1.444467626414839
2021-04-19,52276778,91424,621300,10497,723221.0000002774,0.05055643260845243,0.07449903769501687,0.000995362255197975,0.6696712953780959,0.660533212688608,1.6614513839240685,1.4514235621047573
2021-04-20,52272220,89080,628110,10587,727778.9999998289,0.04871510159489854,0.0793884219367119,0.0010664451855552958,0.6054960170509789,0.5971815619937694,1.6577448845120475,1.4548352524018764
2021-04-21,52267939,86194,635183,10683,732060.0000007257,0.047221613861487405,0.08429821192934087,0.0011369700868538012,0.5527185960993951,0.5450842271012732,1.6540582721534818,1.4593066142156246
2021-04-22,52263926,82844,642448,10781,736073.9999993917,0.04442216952947485,0.06307035070539362,0.0010622374723068396,0.6926614189714065,0.6830416447619799,1.6504140961354183,1.464662520369196
2021-04-23,52260297,81159,647674,10868,739701.9999998006,0.03370100999403855,0.06748398304414023,0.001022671290984066,0.4919377587639627,0.4850719777147336,1.6504617009865539,1.4693735187682389
2021-04-24,52257600,78297,653150,10952,742399.9999997257,0.037849618816349066,0.05493186311726502,0.0012899600747121901,0.6732193420178904,0.6637892275183878,1.6491417747184156,1.4752155172624004
2021-04-25,52254677,76817,657452,11053,745322.0000003118,0.04365120188471021,0.055209134000955756,0.0012627413157656059,0.7729724157360338,0.7621023952856104,1.653390774975846,1.4829831938744855
2021-04-26,52251372,75784,661693,11149,748627.000000028,0.04056774459108786,0.06906379996079656,0.0010292274387793032,0.5787700445555779,0.5705949168838023,1.6571473582670826,1.4893912597161625
2021-04-27,52248340,73504,666927,11228,751659.0000006858,0.040780248858660065,0.07335655145982489,0.0010475620460431497,0.5480913209918675,0.5403181857119124,1.655668689346821,1.4937624641275922
2021-04-28,52245386,70989,672318,11304,754612.9999992396,0.03345277737853515,0.06736160152412156,0.0012396112373006204,0.487641195132738,0.4806981867280337,1.653686821959432,1.4981169180210225
2021-04-29,52243044,68461,677101,11393,756955.0000010452,0.03225986910463491,0.06317465604197608,0.0008325908451996876,0.504003385140103,0.4968051510420332,1.6547711382104324,1.505109286589868
2021-04-30,52240868,66255,681425,11449,759130.9999988115,0.02223345110753091,0.048976695982652016,0.0009055784145141701,0.4457184716660392,0.439334361283345,1.6525323433934418,1.5083015864982126
2021-05-01,52239415,64403,684670,11510,760584.0000000756,0.021408731890634677,0.04125584349317232,0.0010713786781744975,0.505791091226563,0.49853269252848514,1.653305677707364,1.5133108243295263
2021-05-02,52238056,63036,687328,11579,761943.0000001459,0.021408731884452848,0.04125584349506543,0.0010713786777316792,0.5057910910631841,0.4985197231196915,1.6567297222674897,1.5196674816893183
2021-05-03,52236740,61711,689901,11645,763258.3933162731,0.021408731884452848,0.04125584349506543,0.0010713786777316792,0.5057910910631841,0.49850716209272966,1.6600207508854503,1.5258028142955102
2021-05-04,52235452,60415,692420,11711,764547.5106257967,0.021408731884452848,0.04125584349506543,0.0010713786777316792,0.5057910910631841,0.4984948652204829,1.6632187418052575,1.5317888729049263
2021-05-05,52234190,59146,694887,11775,765808.9045768661,0.021408731884452848,0.04125584349506543,0.0010713786777316792,0.5057910910631841,0.4984828269478185,1.6663268930584716,1.5376297374478525
2021-05-06,52232955,57904,697302,11838,767044.1161925882,0.021408731884452848,0.04125584349506543,0.0010713786777316792,0.5057910910631841,0.4984710418364287,1.6693482649546623,1.5433293562391561
2021-05-07,52231746,56687,699665,11899,768252.6751156226,0.021408731884452848,0.04125584349506543,0.0010713786777316792,0.5057910910631841,0.49845950456237376,1.6722857874013726,1.5488915511189552
2021-05-08,52230563,55496,701980,11959,769436.0998476257,0.021408731884452848,0.04125584349506543,0.0010713786777316792,0.5057910910631841,0.4984482099136764,1.67514226676052,1.5543200223527043
2021-05-09,52229404,54330,704245,12018,770594.8979836606,0.021408731884452848,0.04125584349506543,0.0010713786777316792,0.5057910910631841,0.49843715278796763,1.677920392275125,1.5596183533037886
2021-05-10,52228270,53189,706464,12075,771728.5664416685,0.021408731884452848,0.04125584349506543,0.0010713786777316792,0.5057910910631841,0.4984263281901816,1.6806227420975186,1.5647900148909608
2021-05-11,52227160,52072,708635,12132,772839.5916871104,0.021408731884452848,0.04125584349506543,0.0010713786777316792,0.5057910910631841,0.4984157312302986,1.6832517889475682,1.5698383698421419
2021-05-12,52226073,50978,710761,12187,773926.4499528791,0.021408731884452848,0.04125584349506543,0.0010713786777316792,0.5057910910631841,0.4984053571211362,1.6858099054271893,1.5747666767554482
2021-05-13,52225008,49907,712842,12241,774990.6074545891,0.021408731884452848,0.04125584349506543,0.0010713786777316792,0.5057910910631841,0.4983952011761868,1.6882993690152752,1.579578093977619
2021-05-14,52223966,48858,714880,12294,776032.5206013231,0.021408731884452848,0.04125584349506543,0.0010713786777316792,0.5057910910631841,0.4983852588074999,1.6907223667652973,1.584275683309449
2021-05-15,52222947,47831,716874,12346,777052.6362019584,0.021408731884452848,0.04125584349506543,0.0010713786777316792,0.5057910910631841,0.49837552552360953,1.693080999725998,1.588862413547176
2021-05-16,52221948,46826,718827,12397,778051.3916671338,0.021408731884452848,0.04125584349506543,0.0010713786777316792,0.5057910910631841,0.4983659969275054,1.695377287104125,1.593341163868367
2021-05-17,52220971,45843,720739,12446,779028.2152069773,0.021408731884452848,0.04125584349506543,0.0010713786777316792,0.5057910910631841,0.49835666871464634,1.6976131701865882,1.5977147270702274
2021-05-18,52220014,44879,722610,12495,779985.5260246706,0.021408731884452848,0.04125584349506543,0.0010713786777316792,0.5057910910631841,0.4983475366710157,1.6997905160381208,1.6019858126678466
2021-05-19,52219077,43936,724442,12542,780921.7345059364,0.021408731884452848,0.04125584349506543,0.0010713786777316792,0.5057910910631841,0.4983385966712172,1.7019111209893654,1.6061570498594875
2021-05-20,52218160,43013,726236,12589,781839.2424045388,0.021408731884452848,0.04125584349506543,0.0010713786777316792,0.5057910910631841,0.498329844676612,1.7039767139290998,1.6102309903655552
2021-05-21,52217262,42109,727992,12635,782737.4430238822,0.021408731884452848,0.04125584349506543,0.0010713786777316792,0.5057910910631841,0.4983212767334934,1.7059889594133546,1.6142101111475458
2021-05-22,52216383,41224,729711,12679,783615.7213947844,0.021408731884452848,0.04125584349506543,0.0010713786777316792,0.5057910910631841,0.49831288897130105,1.707949460603226,1.6180968170129142
2021-05-23,52215523,40358,731394,12723,784476.454449514,0.021408731884452848,0.04125584349506543,0.0010713786777316792,0.5057910910631841,0.4983046776008723,1.709859762042303,1.6218934431114387
2021-05-24,52214680,39510,733042,12766,785319.0111921574,0.021408731884452848,0.04125584349506543,0.0010713786777316792,0.5057910910631841,0.4982966389127306,1.7117213522838837,1.6256022573283966
2021-05-25,52213856,38680,734655,12808,786143.7528654088,0.021408731884452848,0.04125584349506543,0.0010713786777316792,0.5057910910631841,0.4982887692754092,1.713535666377367,1.6292254625795142
2021-05-26,52213048,37867,736234,12849,786951.0331138433,0.021408731884452848,0.04125584349506543,0.0010713786777316792,0.5057910910631841,0.4982810651338111,1.715304088222594,1.6327651990124252
2021-05-27,52212258,37071,737780,12889,787741.19814376,0.021408731884452848,0.04125584349506543,0.0010713786777316792,0.5057910910631841,0.4982735230076026,1.7170279528002654,1.6362235461190922
2021-05-28,52211484,36292,739294,12928,788514.5868796568,0.021408731884452848,0.04125584349506543,0.0010713786777316792,0.5057910910631841,0.4982661394896411,1.7187085482859896,1.6396025247633965
2021-05-29,52210727,35529,740775,12966,789271.5311174158,0.021408731884452848,0.04125584349506543,0.0010713786777316792,0.5057910910631841,0.4982589112444362,1.7203471180550385,1.6429040991279162
2021-05-30,52209985,34783,742226,13004,790013.3556742613,0.021408731884452848,0.04125584349506543,0.0010713786777316792,0.5057910910631841,0.49825183500664244,1.721944862584333,1.6461301785836298
2021-05-31,52209260,34052,743646,13041,790739.3785355663,0.021408731884452848,0.04125584349506543,0.0010713786777316792,0.5057910910631841,0.4982449075795841,1.7235029412577907,1.6492826194861407
2021-06-01,52208549,33336,745036,13077,791449.910998568,0.021408731884452848,0.04125584349506543,0.0010713786777316792,0.5057910910631841,0.49823812583381155,1.7250224740807316,1.652363226901798
2021-06-02,52207853,32635,746397,13112,792145.2578130602,0.021408731884452848,0.04125584349506543,0.0010713786777316792,0.5057910910631841,0.4982314867056868,1.726504543308675,1.6553737562669353
2021-06-03,52207172,31949,747729,13147,792826.7173191203,0.021408731884452848,0.04125584349506543,0.0010713786777316792,0.5057910910631841,0.4982249871960001,1.7279501949954827,1.6583159149832516
2021-06-04,52206505,31278,749034,13181,793493.5815819502,0.021408731884452848,0.04125584349506543,0.0010713786777316792,0.5057910910631841,0.49821862436861464,1.7293604404654705,1.6611913639522022
2021-06-05,52205853,30621,750311,13214,794146.1365238621,0.021408731884452848,0.04125584349506543,0.0010713786777316792,0.5057910910631841,0.49821239534914025,1.7307362577138878,1.6640017190511907
2021-06-06,52205214,29977,751561,13247,794785.6620535066,0.021408731884452848,0.04125584349506543,0.0010713786777316792,0.5057910910631841,0.4982062973236347,1.7320785927397326,1.666748552554066
2021-06-07,52204588,29347,752784,13278,795410.4321923665,0.021408731884452848,0.04125584349506543,0.0010713786777316792,0.5057910910631841,0.4982003275373328,1.7333883608147849,1.6694333944984727
2021-06-08,52203976,28730,753983,13309,796022.7151985961,0.021408731884452848,0.04125584349506543,0.0010713786777316792,0.5057910910631841,0.4981944832934013,1.7346664476923617,1.672057734002339
2021-06-09,52203376,28126,755156,13340,796622.773688253,0.021408731884452848,0.04125584349506543,0.0010713786777316792,0.5057910910631841,0.4981887619517215,1.735913710759131,1.6746230205317316
2021-06-10,52202789,27535,756304,13370,797209.8647539829,0.021408731884452848,0.04125584349506543,0.0010713786777316792,0.5057910910631841,0.4981831609276956,1.737130980133114,1.6771306651221871
2021-06-11,52202215,26956,757428,13399,797784.2400811991,0.021408731884452848,0.04125584349506543,0.0010713786777316792,0.5057910910631841,0.4981776776910795,1.7383190597108116,1.679582041555542
2021-06-12,52201652,26390,758528,13428,798347.1460618266,0.021408731884452848,0.04125584349506543,0.0010713786777316792,0.5057910910631841,0.49817230976484,1.7394787281661768,1.6819784874941326
2021-06-13,52201102,25835,759606,13456,798897.8239056477,0.021408731884452848,0.04125584349506543,0.0010713786777316792,0.5057910910631841,0.4981670547240353,1.7406107399040285,1.6843213055742015
2021-06-14,52200563,25292,760661,13483,799436.5097493035,0.021408731884452848,0.04125584349506543,0.0010713786777316792,0.5057910910631841,0.49816191019471956,1.7417158259703356,1.686611764460234
2021-06-15,52200035,24760,761693,13510,799964.4347630095,0.021408731884452848,0.04125584349506543,0.0010713786777316792,0.5057910910631841,0.49815687385287094,1.7427946949216087,1.6888510998618358
2021-06-16,52199518,24240,762704,13536,800480.8252550183,0.021408731884452848,0.04125584349506543,0.0010713786777316792,0.5057910910631841,0.4981519434233412,1.7438480336555924,1.691040515514756
2021-06-17,52199012,23730,763694,13562,800986.9027738887,0.021408731884452848,0.04125584349506543,0.0010713786777316792,0.5057910910631841,0.498147116678828,1.74487650820522,1.693181184127503
2021-06-18,52198517,23231,764662,13587,801481.8842085998,0.021408731884452848,0.04125584349506543,0.0010713786777316792,0.5057910910631841,0.4981423914388687,1.745880764497766,1.6952742482950025
2021-06-19,52198033,22743,765611,13611,801965.9818865644,0.021408731884452848,0.04125584349506543,0.0010713786777316792,0.5057910910631841,0.49813776556885553,1.7468614290809346,1.6973208213806101
2021-06-20,52197558,22265,766539,13636,802441.4036695745,0.021408731884452848,0.04125584349506543,0.0010713786777316792,0.5057910910631841,0.498133236979071,1.7478191098176035,1.6993219883677981
2021-06-21,52197093,21797,767448,13659,802905.353047732,0.021408731884452848,0.04125584349506543,0.0010713786777316792,0.5057910910631841,0.4981288036237439,1.7487543965507792,1.7012788066827225
2021-06-22,52196639,21339,768338,13682,803360.0292314012,0.021408731884452848,0.04125584349506543,0.0010713786777316792,0.5057910910631841,0.4981244635001252,1.7496678617402637,1.7031923069888422
2021-06-23,52196193,20890,769209,13705,803805.6272412272,0.021408731884452848,0.04125584349506543,0.0010713786777316792,0.5057910910631841,0.49812021464758327,1.7505600610724326,1.7050634939547091
2021-06-24,52195758,20451,770062,13727,804241.3379962622,0.021408731884452848,0.04125584349506543,0.0010713786777316792,0.5057910910631841,0.4981160551467181,1.7514315340444615,1.7068933469959873
2021-06-25,52195331,20021,770897,13749,804668.3484002365,0.021408731884452848,0.04125584349506543,0.0010713786777316792,0.5057910910631841,0.4981119831184943,1.7522828045242398,1.7086828209927232
2021-06-26,52194913,19600,771715,13770,805085.8414260129,0.021408731884452848,0.04125584349506543,0.0010713786777316792,0.5057910910631841,0.4981079967233921,1.7531143812871663,1.7104328469828287
2021-06-27,52194504,19188,772515,13791,805494.996198269,0.021408731884452848,0.04125584349506543,0.0010713786777316792,0.5057910910631841,0.49810409416057644,1.7539267585309277,1.7121443328327048
2021-06-28,52194104,18785,773298,13811,805894.9880744353,0.021408731884452848,0.04125584349506543,0.0010713786777316792,0.5057910910631841,0.4981002736670832,1.7547204163693326,1.7138181638858931
2021-06-29,52193712,18390,774065,13831,806286.9887239325,0.021408731884452848,0.04125584349506543,0.0010713786777316792,0.5057910910631841,0.4980965335170233,1.755495821306195,1.715455203590602
2021-06-30,52193328,18003,774816,13850,806670.166205744,0.021408731884452848,0.04125584349506543,0.0010713786777316792,0.5057910910631841,0.49809287202080255,1.756253426690192,1.7170562941069003
